B1_scale,off_resonance_kHz,pulse,final_Mz,inversion_fidelity
0.8,-5.0,Conventional,0.510897483161504,0.24455125841924802
0.8,-5.0,STA_CD,0.5149940868602939,0.24250295656985305
0.8,-4.666666666666667,Conventional,0.29664048891420614,0.35167975554289693
0.8,-4.666666666666667,STA_CD,0.31442439387830934,0.34278780306084533
0.8,-4.333333333333333,Conventional,0.13593883484086255,0.4320305825795687
0.8,-4.333333333333333,STA_CD,0.13945547320237892,0.43027226339881053
0.8,-4.0,Conventional,-0.3319221242112551,0.6659610621056276
0.8,-4.0,STA_CD,-0.32204176245285754,0.6610208812264288
0.8,-3.666666666666667,Conventional,-0.4895997614899914,0.7447998807449957
0.8,-3.666666666666667,STA_CD,-0.45117292538258236,0.7255864626912911
0.8,-3.3333333333333335,Conventional,-0.7306056215519202,0.8653028107759602
0.8,-3.3333333333333335,STA_CD,-0.720631325626433,0.8603156628132165
0.8,-3.0,Conventional,-0.7259655901809646,0.8629827950904823
0.8,-3.0,STA_CD,-0.7471969043824439,0.8735984521912219
0.8,-2.666666666666667,Conventional,-0.36407121491930305,0.6820356074596515
0.8,-2.666666666666667,STA_CD,-0.36840608487652177,0.6842030424382609
0.8,-2.3333333333333335,Conventional,-0.2710509828171613,0.6355254914085806
0.8,-2.3333333333333335,STA_CD,-0.1718472241060343,0.5859236120530171
0.8,-2.0,Conventional,-0.20539617229768556,0.6026980861488428
0.8,-2.0,STA_CD,0.015348320647945703,0.49232583967602717
0.8,-1.666666666666667,Conventional,-0.5123600943441856,0.7561800471720928
0.8,-1.666666666666667,STA_CD,-0.22697731115781064,0.6134886555789053
0.8,-1.3333333333333335,Conventional,-0.5927391484234402,0.79636957421172
0.8,-1.3333333333333335,STA_CD,-0.5348219851937787,0.7674109925968893
0.8,-1.0,Conventional,-0.273089926404084,0.636544963202042
0.8,-1.0,STA_CD,-0.4505469263434507,0.7252734631717254
0.8,-0.666666666666667,Conventional,-0.43142331485925123,0.7157116574296256
0.8,-0.666666666666667,STA_CD,-0.662528001407026,0.831264000703513
0.8,-0.3333333333333339,Conventional,-0.45901920570384896,0.7295096028519245
0.8,-0.3333333333333339,STA_CD,-0.810832524790189,0.9054162623950945
0.8,0.0,Conventional,-0.44678414825384216,0.7233920741269211
0.8,0.0,STA_CD,-0.9350084429617012,0.9675042214808506
0.8,0.33333333333333304,Conventional,-0.4593073687050378,0.7296536843525189
0.8,0.33333333333333304,STA_CD,-0.8110808275666183,0.9055404137833092
0.8,0.6666666666666661,Conventional,-0.43151261182037437,0.7157563059101872
0.8,0.6666666666666661,STA_CD,-0.662683964134506,0.831341982067253
0.8,1.0,Conventional,-0.2734348397303059,0.636717419865153
0.8,1.0,STA_CD,-0.45103513361779907,0.7255175668088996
0.8,1.333333333333333,Conventional,-0.5933715081168672,0.7966857540584336
0.8,1.333333333333333,STA_CD,-0.5354989490757506,0.7677494745378752
0.8,1.666666666666666,Conventional,-0.5130685981259576,0.7565342990629789
0.8,1.666666666666666,STA_CD,-0.22761432474685792,0.6138071623734289
0.8,2.0,Conventional,-0.2060013176736266,0.6030006588368133
0.8,2.0,STA_CD,0.014824381610139025,0.4925878091949305
0.8,2.333333333333333,Conventional,-0.271685715699799,0.6358428578498995
0.8,2.333333333333333,STA_CD,-0.17245064560636253,0.5862253228031813
0.8,2.666666666666666,Conventional,-0.3650989965806406,0.6825494982903203
0.8,2.666666666666666,STA_CD,-0.36943448811173357,0.6847172440558668
0.8,3.0,Conventional,-0.7273679812618195,0.8636839906309097
0.8,3.0,STA_CD,-0.7486180254650062,0.874309012732503
0.8,3.333333333333332,Conventional,-0.7322135920510219,0.8661067960255109
0.8,3.333333333333332,STA_CD,-0.7222333148891491,0.8611166574445746
0.8,3.666666666666666,Conventional,-0.49115466415095765,0.7455773320754788
0.8,3.666666666666666,STA_CD,-0.4527067998452687,0.7263533999226344
0.8,4.0,Conventional,-0.3332326586062969,0.6666163293031484
0.8,4.0,STA_CD,-0.3233378892667395,0.6616689446333698
0.8,4.333333333333332,Conventional,0.13489491234770415,0.43255254382614794
0.8,4.333333333333332,STA_CD,0.13842111671288124,0.43078944164355937
0.8,4.666666666666666,Conventional,0.2958815390658568,0.3520592304670716
0.8,4.666666666666666,STA_CD,0.31367811379037835,0.3431609431048108
0.8,5.0,Conventional,0.5103440117923478,0.2448279941038261
0.8,5.0,STA_CD,0.5144498836853192,0.2427750581573404
0.8285714285714286,-5.0,Conventional,0.4808334015562424,0.25958329922187884
0.8285714285714286,-5.0,STA_CD,0.4846593438183281,0.25767032809083595
0.8285714285714286,-4.666666666666667,Conventional,0.27022542922460696,0.36488728538769655
0.8285714285714286,-4.666666666666667,STA_CD,0.28939069499067344,0.35530465250466325
0.8285714285714286,-4.333333333333333,Conventional,0.09510255786348942,0.4524487210682553
0.8285714285714286,-4.333333333333333,STA_CD,0.09824011315980621,0.4508799434200969
0.8285714285714286,-4.0,Conventional,-0.380471422232535,0.6902357111162675
0.8285714285714286,-4.0,STA_CD,-0.37102418613383614,0.6855120930669181
0.8285714285714286,-3.666666666666667,Conventional,-0.5341102339700949,0.7670551169850475
0.8285714285714286,-3.666666666666667,STA_CD,-0.4970189066580073,0.7485094533290036
0.8285714285714286,-3.3333333333333335,Conventional,-0.7817006228345069,0.8908503114172535
0.8285714285714286,-3.3333333333333335,STA_CD,-0.7722824583021513,0.8861412291510756
0.8285714285714286,-3.0,Conventional,-0.7622224526063606,0.8811112263031803
0.8285714285714286,-3.0,STA_CD,-0.7826874038915574,0.8913437019457787
0.8285714285714286,-2.666666666666667,Conventional,-0.40009020348199725,0.7000451017409987
0.8285714285714286,-2.666666666666667,STA_CD,-0.40682231052719675,0.7034111552635984
0.8285714285714286,-2.3333333333333335,Conventional,-0.30661236124365704,0.6533061806218285
0.8285714285714286,-2.3333333333333335,STA_CD,-0.20891596683967611,0.604457983419838
0.8285714285714286,-2.0,Conventional,-0.26584092336208676,0.6329204616810433
0.8285714285714286,-2.0,STA_CD,-0.04512058565891608,0.522560292829458
0.8285714285714286,-1.666666666666667,Conventional,-0.5598034532181119,0.779901726609056
0.8285714285714286,-1.666666666666667,STA_CD,-0.2694575883113307,0.6347287941556654
0.8285714285714286,-1.3333333333333335,Conventional,-0.6402506777143266,0.8201253388571633
0.8285714285714286,-1.3333333333333335,STA_CD,-0.5847410450022437,0.7923705225011218
0.8285714285714286,-1.0,Conventional,-0.3045915788734782,0.6522957894367392
0.8285714285714286,-1.0,STA_CD,-0.46875340025838935,0.7343767001291946
0.8285714285714286,-0.666666666666667,Conventional,-0.4862472359593685,0.7431236179796843
0.8285714285714286,-0.666666666666667,STA_CD,-0.6912795520169159,0.845639776008458
0.8285714285714286,-0.3333333333333339,Conventional,-0.5164365989109154,0.7582182994554577
0.8285714285714286,-0.3333333333333339,STA_CD,-0.8491974912118031,0.9245987456059015
0.8285714285714286,0.0,Conventional,-0.47947803229805513,0.7397390161490276
0.8285714285714286,0.0,STA_CD,-0.9515667114605626,0.9757833557302813
0.8285714285714286,0.33333333333333304,Conventional,-0.5167292162766992,0.7583646081383496
0.8285714285714286,0.33333333333333304,STA_CD,-0.8494422787768566,0.9247211393884283
0.8285714285714286,0.6666666666666661,Conventional,-0.4863476861974127,0.7431738430987064
0.8285714285714286,0.6666666666666661,STA_CD,-0.691444153388513,0.8457220766942565
0.8285714285714286,1.0,Conventional,-0.30494510629888816,0.6524725531494441
0.8285714285714286,1.0,STA_CD,-0.4692519125273736,0.7346259562636868
0.8285714285714286,1.333333333333333,Conventional,-0.6408922039559175,0.8204461019779588
0.8285714285714286,1.333333333333333,STA_CD,-0.585429148340472,0.7927145741702359
0.8285714285714286,1.666666666666666,Conventional,-0.5605426834349786,0.7802713417174894
0.8285714285714286,1.666666666666666,STA_CD,-0.27012673790527836,0.6350633689526392
0.8285714285714286,2.0,Conventional,-0.2664727148822949,0.6332363574411475
0.8285714285714286,2.0,STA_CD,-0.04566851637812127,0.5228342581890606
0.8285714285714286,2.333333333333333,Conventional,-0.30727001668077725,0.6536350083403886
0.8285714285714286,2.333333333333333,STA_CD,-0.20954171719078793,0.6047708585953939
0.8285714285714286,2.666666666666666,Conventional,-0.40113528970836565,0.7005676448541829
0.8285714285714286,2.666666666666666,STA_CD,-0.4078684865842807,0.7039342432921404
0.8285714285714286,3.0,Conventional,-0.7636540946638444,0.8818270473319222
0.8285714285714286,3.0,STA_CD,-0.7841385839299649,0.8920692919649824
0.8285714285714286,3.333333333333332,Conventional,-0.7833463020973036,0.8916731510486517
0.8285714285714286,3.333333333333332,STA_CD,-0.7739225108573451,0.8869612554286725
0.8285714285714286,3.666666666666666,Conventional,-0.5357132009155995,0.7678566004577998
0.8285714285714286,3.666666666666666,STA_CD,-0.4986018605922376,0.7493009302961188
0.8285714285714286,4.0,Conventional,-0.38182801975110353,0.6909140098755517
0.8285714285714286,4.0,STA_CD,-0.3723669132767876,0.6861834566383938
0.8285714285714286,4.333333333333332,Conventional,0.09401591460721306,0.4529920426963935
0.8285714285714286,4.333333333333332,STA_CD,0.09716344856624975,0.4514182757168751
0.8285714285714286,4.666666666666666,Conventional,0.26943173587526764,0.3652841320623662
0.8285714285714286,4.666666666666666,STA_CD,0.2886102018684778,0.3556948990657611
0.8285714285714286,5.0,Conventional,0.4802527175041039,0.25987364124794804
0.8285714285714286,5.0,STA_CD,0.4840882248251613,0.2579558875874194
0.8571428571428572,-5.0,Conventional,0.45053804461687247,0.27473097769156374
0.8571428571428572,-5.0,STA_CD,0.45407837106992627,0.27296081446503684
0.8571428571428572,-4.666666666666667,Conventional,0.24560118266627978,0.3771994086668601
0.8571428571428572,-4.666666666666667,STA_CD,0.26615753052057756,0.3669212347397112
0.8571428571428572,-4.333333333333333,Conventional,0.054506558031223146,0.4727467209843884
0.8571428571428572,-4.333333333333333,STA_CD,0.0571868502723991,0.47140657486380044
0.8571428571428572,-4.0,Conventional,-0.4251731742680317,0.7125865871340158
0.8571428571428572,-4.0,STA_CD,-0.4160518725101242,0.708025936255062
0.8571428571428572,-3.666666666666667,Conventional,-0.5756498821735738,0.7878249410867869
0.8571428571428572,-3.666666666666667,STA_CD,-0.5403612947176452,0.7701806473588226
0.8571428571428572,-3.3333333333333335,Conventional,-0.827366523329529,0.9136832616647645
0.8571428571428572,-3.3333333333333335,STA_CD,-0.8186525815143857,0.9093262907571928
0.8571428571428572,-3.0,Conventional,-0.7937599148434398,0.8968799574217199
0.8571428571428572,-3.0,STA_CD,-0.813419196285954,0.906709598142977
0.8571428571428572,-2.666666666666667,Conventional,-0.43299940887951677,0.7164997044397584
0.8571428571428572,-2.666666666666667,STA_CD,-0.4421486596873566,0.7210743298436784
0.8571428571428572,-2.3333333333333335,Conventional,-0.33916562762320734,0.6695828138116037
0.8571428571428572,-2.3333333333333335,STA_CD,-0.2434828221806024,0.6217414110903012
0.8571428571428572,-2.0,Conventional,-0.32561648851651226,0.6628082442582561
0.8571428571428572,-2.0,STA_CD,-0.10674445984919347,0.5533722299245968
0.8571428571428572,-1.666666666666667,Conventional,-0.603864442396111,0.8019322211980555
0.8571428571428572,-1.666666666666667,STA_CD,-0.31054163719250766,0.6552708185962538
0.8571428571428572,-1.3333333333333335,Conventional,-0.6832171521230421,0.8416085760615211
0.8571428571428572,-1.3333333333333335,STA_CD,-0.6311482293406158,0.8155741146703079
0.8571428571428572,-1.0,Conventional,-0.33337235003670734,0.6666861750183537
0.8571428571428572,-1.0,STA_CD,-0.48355848106398014,0.7417792405319901
0.8571428571428572,-0.666666666666667,Conventional,-0.5377465345272001,0.7688732672636001
0.8571428571428572,-0.666666666666667,STA_CD,-0.7132782358035368,0.8566391179017684
0.8571428571428572,-0.3333333333333339,Conventional,-0.5707075679290279,0.7853537839645139
0.8571428571428572,-0.3333333333333339,STA_CD,-0.8821585500954489,0.9410792750477244
0.8571428571428572,0.0,Conventional,-0.5084339944889343,0.7542169972444672
0.8571428571428572,0.0,STA_CD,-0.9640472940952498,0.9820236470476249
0.8571428571428572,0.33333333333333304,Conventional,-0.5710030635068433,0.7855015317534216
0.8571428571428572,0.33333333333333304,STA_CD,-0.8823981352253805,0.9411990676126902
0.8571428571428572,0.6666666666666661,Conventional,-0.5378589850702283,0.7689294925351142
0.8571428571428572,0.6666666666666661,STA_CD,-0.7134517403430665,0.8567258701715332
0.8571428571428572,1.0,Conventional,-0.33373372271748347,0.6668668613587417
0.8571428571428572,1.0,STA_CD,-0.48406551344543847,0.7420327567227192
0.8571428571428572,1.333333333333333,Conventional,-0.6838655952285133,0.8419327976142567
0.8571428571428572,1.333333333333333,STA_CD,-0.6318455846157646,0.8159227923078822
0.8571428571428572,1.666666666666666,Conventional,-0.6046328249409004,0.8023164124704503
0.8571428571428572,1.666666666666666,STA_CD,-0.311242356084796,0.655621178042398
0.8571428571428572,2.0,Conventional,-0.32627420641149,0.663137103205745
0.8571428571428572,2.0,STA_CD,-0.10731624136519455,0.5536581206825972
0.8571428571428572,2.333333333333333,Conventional,-0.339845639344393,0.6699228196721965
0.8571428571428572,2.333333333333333,STA_CD,-0.24413054585292165,0.6220652729264609
0.8571428571428572,2.666666666666666,Conventional,-0.4340588404618961,0.7170294202309481
0.8571428571428572,2.666666666666666,STA_CD,-0.4432095953555081,0.721604797677754
0.8571428571428572,3.0,Conventional,-0.7952164797578714,0.8976082398789357
0.8571428571428572,3.0,STA_CD,-0.8148960671961869,0.9074480335980935
0.8571428571428572,3.333333333333332,Conventional,-0.8290448924111755,0.9145224462055878
0.8571428571428572,3.333333333333332,STA_CD,-0.820325830208742,0.910162915104371
0.8571428571428572,3.666666666666666,Conventional,-0.5772967365210794,0.7886483682605396
0.8571428571428572,3.666666666666666,STA_CD,-0.5419893416346939,0.770994670817347
0.8571428571428572,4.0,Conventional,-0.4265728664611229,0.7132864332305615
0.8571428571428572,4.0,STA_CD,-0.41743831557176136,0.7087191577858807
0.8571428571428572,4.333333333333332,Conventional,0.05337909940017527,0.47331045029991237
0.8571428571428572,4.333333333333332,STA_CD,0.0560698052611551,0.47196509736942244
0.8571428571428572,4.666666666666666,Conventional,0.24477365415944125,0.3776131729202794
0.8571428571428572,4.666666666666666,STA_CD,0.2653436957838471,0.36732815210807646
0.8571428571428572,5.0,Conventional,0.4499306396509473,0.27503468017452637
0.8571428571428572,5.0,STA_CD,0.4534807987966965,0.2732596006016518
0.8857142857142857,-5.0,Conventional,0.4201333785109531,0.28993331074452344
0.8857142857142857,-5.0,STA_CD,0.42339117332219783,0.2883044133389011
0.8857142857142857,-4.666666666666667,Conventional,0.22285393042181012,0.38857303478909494
0.8857142857142857,-4.666666666666667,STA_CD,0.244787570102276,0.377606214948862
0.8857142857142857,-4.333333333333333,Conventional,0.014167797775562523,0.49291610111221873
0.8857142857142857,-4.333333333333333,STA_CD,0.016321149741122663,0.4918394251294387
0.8857142857142857,-4.0,Conventional,-0.4657502131266978,0.7328751065633489
0.8857142857142857,-4.0,STA_CD,-0.4568154873413113,0.7284077436706556
0.8857142857142857,-3.666666666666667,Conventional,-0.6143564104837586,0.8071782052418792
0.8857142857142857,-3.666666666666667,STA_CD,-0.5813314662766051,0.7906657331383026
0.8857142857142857,-3.3333333333333335,Conventional,-0.8674174070530606,0.9337087035265303
0.8857142857142857,-3.3333333333333335,STA_CD,-0.8595495244355711,0.9297747622177855
0.8857142857142857,-3.0,Conventional,-0.8208025271235263,0.9104012635617631
0.8857142857142857,-3.0,STA_CD,-0.8396627669223065,0.9198313834611532
0.8857142857142857,-2.666666666666667,Conventional,-0.4629636324635556,0.7314818162317778
0.8857142857142857,-2.666666666666667,STA_CD,-0.47454363123888094,0.7372718156194404
0.8857142857142857,-2.3333333333333335,Conventional,-0.3687382415132908,0.6843691207566454
0.8857142857142857,-2.3333333333333335,STA_CD,-0.27556703837782565,0.6377835191889129
0.8857142857142857,-2.0,Conventional,-0.3844742446306895,0.6922371223153447
0.8857142857142857,-2.0,STA_CD,-0.16930392929106977,0.5846519646455349
0.8857142857142857,-1.666666666666667,Conventional,-0.6446349749108191,0.8223174874554096
0.8857142857142857,-1.666666666666667,STA_CD,-0.3504443703673527,0.6752221851836764
0.8857142857142857,-1.3333333333333335,Conventional,-0.7216246853559046,0.8608123426779524
0.8857142857142857,-1.3333333333333335,STA_CD,-0.6739361236396246,0.8369680618198123
0.8857142857142857,-1.0,Conventional,-0.3596211106748333,0.6798105553374166
0.8857142857142857,-1.0,STA_CD,-0.4953265839530267,0.7476632919765134
0.8857142857142857,-0.666666666666667,Conventional,-0.5856663352776893,0.7928331676388447
0.8857142857142857,-0.666666666666667,STA_CD,-0.7285126273193521,0.864256313659676
0.8857142857142857,-0.3333333333333339,Conventional,-0.6215454577097038,0.8107727288548519
0.8857142857142857,-0.3333333333333339,STA_CD,-0.9097341359973592,0.9548670679986796
0.8857142857142857,0.0,Conventional,-0.5337983200680403,0.7668991600340201
0.8857142857142857,0.0,STA_CD,-0.973154959896547,0.9865774799482735
0.8857142857142857,0.33333333333333304,Conventional,-0.6218422413534471,0.8109211206767235
0.8857142857142857,0.33333333333333304,STA_CD,-0.9099670287106585,0.9549835143553292
0.8857142857142857,0.6666666666666661,Conventional,-0.5857915869459208,0.7928957934729604
0.8857142857142857,0.6666666666666661,STA_CD,-0.7286952525700948,0.8643476262850474
0.8857142857142857,1.0,Conventional,-0.3599896025811668,0.6799948012905834
0.8857142857142857,1.0,STA_CD,-0.49584028578280914,0.7479201428914046
0.8857142857142857,1.333333333333333,Conventional,-0.7222779155849941,0.861138957792497
0.8857142857142857,1.333333333333333,STA_CD,-0.674640976673302,0.837320488336651
0.8857142857142857,1.666666666666666,Conventional,-0.6454307587809875,0.8227153793904938
0.8857142857142857,1.666666666666666,STA_CD,-0.35117593012924003,0.67558796506462
0.8857142857142857,2.0,Conventional,-0.3851571041207863,0.6925785520603931
0.8857142857142857,2.0,STA_CD,-0.1698994333747974,0.5849497166873987
0.8857142857142857,2.333333333333333,Conventional,-0.3694400774825598,0.68472003874128
0.8857142857142857,2.333333333333333,STA_CD,-0.27623644244254597,0.638118221221273
0.8857142857142857,2.666666666666666,Conventional,-0.4640346549336384,0.7320173274668191
0.8857142857142857,2.666666666666666,STA_CD,-0.47561652953359546,0.7378082647667977
0.8857142857142857,3.0,Conventional,-0.822279792128083,0.9111398960640416
0.8857142857142857,3.0,STA_CD,-0.8411610688875294,0.9205805344437648
0.8857142857142857,3.333333333333332,Conventional,-0.8691235040369716,0.9345617520184858
0.8857142857142857,3.333333333333332,STA_CD,-0.8612511692713672,0.9306255846356837
0.8857142857142857,3.666666666666666,Conventional,-0.6160428793949105,0.8080214396974552
0.8857142857142857,3.666666666666666,STA_CD,-0.5830005023235594,0.7915002511617797
0.8857142857142857,4.0,Conventional,-0.4671899376256382,0.7335949688128192
0.8857142857142857,4.0,STA_CD,-0.4582426537701998,0.7291213268850999
0.8857142857142857,4.333333333333332,Conventional,0.01300156236279057,0.4934992188186047
0.8857142857142857,4.333333333333332,STA_CD,0.015165788852242408,0.4924171055738788
0.8857142857142857,4.666666666666666,Conventional,0.2219935663743381,0.38900321681283095
0.8857142857142857,4.666666666666666,STA_CD,0.24394135160331504,0.37802932419834245
0.8857142857142857,5.0,Conventional,0.41949982090438853,0.29025008954780573
0.8857142857142857,5.0,STA_CD,0.4227676849793537,0.28861615751032316
0.9142857142857143,-5.0,Conventional,0.38975527265840776,0.30512236367079615
0.9142857142857143,-5.0,STA_CD,0.3927549932667829,0.30362250336660856
0.9142857142857143,-4.666666666666667,Conventional,0.2020369411391679,0.39898152943041604
0.9142857142857143,-4.666666666666667,STA_CD,0.22530550785104092,0.38734724607447957
0.9142857142857143,-4.333333333333333,Conventional,-0.025889295094585325,0.5129446475472926
0.9142857142857143,-4.333333333333333,STA_CD,-0.02431874767568272,0.5121593738378414
0.9142857142857143,-4.0,Conventional,-0.5019729921290541,0.750986496064527
0.9142857142857143,-4.0,STA_CD,-0.49305903871149775,0.7465295193557488
0.9142857142857143,-3.666666666666667,Conventional,-0.6503920723067957,0.8251960361533979
0.9142857142857143,-3.666666666666667,STA_CD,-0.6200728064154427,0.8100364032077214
0.9142857142857143,-3.3333333333333335,Conventional,-0.9017334968638185,0.9508667484319093
0.9142857142857143,-3.3333333333333335,STA_CD,-0.89484659192883,0.947423295964415
0.9142857142857143,-3.0,Conventional,-0.8436048316884789,0.9218024158442395
0.9142857142857143,-3.0,STA_CD,-0.8617164552587658,0.9308582276293829
0.9142857142857143,-2.666666666666667,Conventional,-0.49019261627544863,0.7450963081377243
0.9142857142857143,-2.666666666666667,STA_CD,-0.5042174432828214,0.7521087216414106
0.9142857142857143,-2.3333333333333335,Conventional,-0.3953843963286025,0.6976921981643013
0.9142857142857143,-2.3333333333333335,STA_CD,-0.3052181755734266,0.6526090877867133
0.9142857142857143,-2.0,Conventional,-0.4421382591044758,0.7210691295522379
0.9142857142857143,-2.0,STA_CD,-0.23251815781225915,0.6162590789061295
0.9142857142857143,-1.666666666666667,Conventional,-0.6822542240822136,0.8411271120411068
0.9142857142857143,-1.666666666666667,STA_CD,-0.38939747288795457,0.6946987364439773
0.9142857142857143,-1.3333333333333335,Conventional,-0.7555353310210863,0.8777676655105431
0.9142857142857143,-1.3333333333333335,STA_CD,-0.7130349442095728,0.8565174721047863
0.9142857142857143,-1.0,Conventional,-0.3835601963105422,0.6917800981552711
0.9142857142857143,-1.0,STA_CD,-0.5044313312593091,0.7522156656296546
0.9142857142857143,-0.666666666666667,Conventional,-0.6297877589071781,0.814893879453589
0.9142857142857143,-0.666666666666667,STA_CD,-0.737064004990659,0.8685320024953296
0.9142857142857143,-0.3333333333333339,Conventional,-0.6686854188282931,0.8343427094141466
0.9142857142857143,-0.3333333333333339,STA_CD,-0.9319720002915455,0.9659860001457727
0.9142857142857143,0.0,Conventional,-0.5557446139957521,0.7778723069978761
0.9142857142857143,0.0,STA_CD,-0.9795579947184139,0.9897789973592069
0.9142857142857143,0.33333333333333304,Conventional,-0.6689819122009735,0.8344909561004867
0.9142857142857143,0.33333333333333304,STA_CD,-0.9321969544694778,0.966098477234739
0.9142857142857143,0.6666666666666661,Conventional,-0.6299265478754573,0.8149632739377286
0.9142857142857143,0.6666666666666661,STA_CD,-0.7372559078010132,0.8686279539005066
0.9142857142857143,1.0,Conventional,-0.38393513105567145,0.6919675655278357
0.9142857142857143,1.0,STA_CD,-0.5049497965585311,0.7524748982792655
0.9142857142857143,1.333333333333333,Conventional,-0.7561913668399465,0.8780956834199732
0.9142857142857143,1.333333333333333,STA_CD,-0.7137456829994807,0.8568728414997404
0.9142857142857143,1.666666666666666,Conventional,-0.6830754974314662,0.8415377487157332
0.9142857142857143,1.666666666666666,STA_CD,-0.39015897519450615,0.695079487597253
0.9142857142857143,2.0,Conventional,-0.4428454155766183,0.7214227077883091
0.9142857142857143,2.0,STA_CD,-0.23313726772692656,0.6165686338634633
0.9142857142857143,2.333333333333333,Conventional,-0.3961075548739076,0.6980537774369537
0.9142857142857143,2.333333333333333,STA_CD,-0.3059090253438923,0.6529545126719462
0.9142857142857143,2.666666666666666,Conventional,-0.49127270840999177,0.7456363542049959
0.9142857142857143,2.666666666666666,STA_CD,-0.5052997573181037,0.7526498786590519
0.9142857142857143,3.0,Conventional,-0.8450987193379457,0.9225493596689729
0.9142857142857143,3.0,STA_CD,-0.8632320777449561,0.9316160388724781
0.9142857142857143,3.333333333333332,Conventional,-0.9034624706303317,0.9517312353151659
0.9142857142857143,3.333333333333332,STA_CD,-0.896571950916252,0.948285975458126
0.9142857142857143,3.666666666666666,Conventional,-0.6521138277235456,0.8260569138617728
0.9142857142857143,3.666666666666666,STA_CD,-0.6217786466416348,0.8108893233208174
0.9142857142857143,4.0,Conventional,-0.5034496237800175,0.7517248118900087
0.9142857142857143,4.0,STA_CD,-0.49452385773652296,0.7472619288682615
0.9142857142857143,4.333333333333332,Conventional,-0.027092154651049583,0.5135460773255248
0.9142857142857143,4.333333333333332,STA_CD,-0.025510242801319832,0.5127551214006599
0.9142857142857143,4.666666666666666,Conventional,0.20114482223540514,0.39942758888229746
0.9142857142857143,4.666666666666666,STA_CD,0.22442793999517946,0.3877860300024103
0.9142857142857143,5.0,Conventional,0.38909620053842936,0.30545189973078535
0.9142857142857143,5.0,STA_CD,0.39210619450538886,0.30394690274730557
0.9428571428571428,-5.0,Conventional,0.3595539802763026,0.3202230098618487
0.9428571428571428,-5.0,STA_CD,0.3623446041933912,0.3188276979033044
0.9428571428571428,-4.666666666666667,Conventional,0.1831677893869301,0.40841610530653494
0.9428571428571428,-4.666666666666667,STA_CD,0.2076951619195468,0.3961524190402266
0.9428571428571428,-4.333333333333333,Conventional,-0.06562755808231052,0.5328137790411552
0.9428571428571428,-4.333333333333333,STA_CD,-0.06467588511283107,0.5323379425564155
0.9428571428571428,-4.0,Conventional,-0.5336661999955858,0.7668330999977929
0.9428571428571428,-4.0,STA_CD,-0.5245886122932406,0.7622943061466203
0.9428571428571428,-3.666666666666667,Conventional,-0.6839324178136098,0.841966208906805
0.9428571428571428,-3.666666666666667,STA_CD,-0.6567279585170821,0.8283639792585411
0.9428571428571428,-3.3333333333333335,Conventional,-0.9302663441561208,0.9651331720780604
0.9428571428571428,-3.3333333333333335,STA_CD,-0.9244889293546912,0.9622444646773456
0.9428571428571428,-3.0,Conventional,-0.8624379899189442,0.931218994959472
0.9428571428571428,-3.0,STA_CD,-0.8798902221438659,0.939945111071933
0.9428571428571428,-2.666666666666667,Conventional,-0.5149358105278273,0.7574679052639137
0.9428571428571428,-2.666666666666667,STA_CD,-0.531425968721842,0.765712984360921
0.9428571428571428,-2.3333333333333335,Conventional,-0.41918478190703135,0.7095923909535157
0.9428571428571428,-2.3333333333333335,STA_CD,-0.3325161204192271,0.6662580602096135
0.9428571428571428,-2.0,Conventional,-0.49830438576381175,0.7491521928819058
0.9428571428571428,-2.0,STA_CD,-0.29604148082263354,0.6480207404113167
0.9428571428571428,-1.666666666666667,Conventional,-0.7168994204441512,0.8584497102220756
0.9428571428571428,-1.666666666666667,STA_CD,-0.42763443714632965,0.7138172185731648
0.9428571428571428,-1.3333333333333335,Conventional,-0.7850863341742357,0.8925431670871178
0.9428571428571428,-1.3333333333333335,STA_CD,-0.7484155318418555,0.8742077659209277
0.9428571428571428,-1.0,Conventional,-0.4054421612400513,0.7027210806200257
0.9428571428571428,-1.0,STA_CD,-0.5112519162913065,0.7556259581456533
0.9428571428571428,-0.666666666666667,Conventional,-0.6699346711648878,0.8349673355824438
0.9428571428571428,-0.666666666666667,STA_CD,-0.7391146038749046,0.8695573019374523
0.9428571428571428,-0.3333333333333339,Conventional,-0.7118904519944809,0.8559452259972404
0.9428571428571428,-0.3333333333333339,STA_CD,-0.9489508378993678,0.9744754189496839
0.9428571428571428,0.0,Conventional,-0.5744689600601157,0.7872344800300579
0.9428571428571428,0.0,STA_CD,-0.9838664800591816,0.9919332400295908
0.9428571428571428,0.33333333333333304,Conventional,-0.7121851143974611,0.8560925571987306
0.9428571428571428,0.33333333333333304,STA_CD,-0.9491668920503493,0.9745834460251747
0.9428571428571428,0.6666666666666661,Conventional,-0.6700876509011866,0.8350438254505933
0.9428571428571428,0.6666666666666661,STA_CD,-0.7393158685310244,0.8696579342655122
0.9428571428571428,1.0,Conventional,-0.40582291715720137,0.7029114585786007
0.9428571428571428,1.0,STA_CD,-0.5117731976490857,0.7558865988245429
0.9428571428571428,1.333333333333333,Conventional,-0.7857433662736216,0.8928716831368109
0.9428571428571428,1.333333333333333,STA_CD,-0.7491306896392295,0.8745653448196147
0.9428571428571428,1.666666666666666,Conventional,-0.7177441290799693,0.8588720645399847
0.9428571428571428,1.666666666666666,STA_CD,-0.42842480675395567,0.7142124033769779
0.9428571428571428,2.0,Conventional,-0.4990349398354448,0.7495174699177224
0.9428571428571428,2.0,STA_CD,-0.2966840872964028,0.6483420436482014
0.9428571428571428,2.333333333333333,Conventional,-0.4199287857340722,0.709964392867036
0.9428571428571428,2.333333333333333,STA_CD,-0.3332282315350318,0.6666141157675158
0.9428571428571428,2.666666666666666,Conventional,-0.516022705661706,0.758011352830853
0.9428571428571428,2.666666666666666,STA_CD,-0.5325154280051264,0.7662577140025633
0.9428571428571428,3.0,Conventional,-0.8639446029662112,0.9319723014831056
0.9428571428571428,3.0,STA_CD,-0.8814192388257306,0.9407096194128652
0.9428571428571428,3.333333333333332,Conventional,-0.9320135028374524,0.9660067514187263
0.9428571428571428,3.333333333333332,STA_CD,-0.9262334835016519,0.963116741750826
0.9428571428571428,3.666666666666666,Conventional,-0.6856851152623524,0.8428425576311762
0.9428571428571428,3.666666666666666,STA_CD,-0.6584663722141024,0.8292331861070512
0.9428571428571428,4.0,Conventional,-0.5351765813918732,0.7675882906959366
0.9428571428571428,4.0,STA_CD,-0.5260879644979488,0.7630439822489744
0.9428571428571428,4.333333333333332,Conventional,-0.06686479460352729,0.5334323973017636
0.9428571428571428,4.333333333333332,STA_CD,-0.06590123615157417,0.532950618075787
0.9428571428571428,4.666666666666666,Conventional,0.1822450672050207,0.4088774663974897
0.9428571428571428,4.666666666666666,STA_CD,0.206787345791715,0.3966063271041425
0.9428571428571428,5.0,Conventional,0.35887009485196975,0.3205649525740151
0.9428571428571428,5.0,STA_CD,0.36167116246536,0.31916441876732
0.9714285714285714,-5.0,Conventional,0.3296942426026905,0.33515287869865473
0.9714285714285714,-5.0,STA_CD,0.33235206582388,0.33382396708806
0.9714285714285714,-4.666666666666667,Conventional,0.1662260423649915,0.41688697881750425
0.9714285714285714,-4.666666666666667,STA_CD,0.19189723778793846,0.4040513811060308
0.9714285714285714,-4.333333333333333,Conventional,-0.10499187399795823,0.5524959369989791
0.9714285714285714,-4.333333333333333,STA_CD,-0.10466884194780365,0.5523344209739018
0.9714285714285714,-4.0,Conventional,-0.5607151379905405,0.7803575689952702
0.9714285714285714,-4.0,STA_CD,-0.551280767940185,0.7756403839700925
0.9714285714285714,-3.666666666666667,Conventional,-0.7151545045439123,0.8575772522719561
0.9714285714285714,-3.666666666666667,STA_CD,-0.6914258008433664,0.8457129004216832
0.9714285714285714,-3.3333333333333335,Conventional,-0.9530435969697848,0.9765217984848924
0.9714285714285714,-3.3333333333333335,STA_CD,-0.948499495635386,0.974249747817693
0.9714285714285714,-3.0,Conventional,-0.8775767505465243,0.9387883752732622
0.9714285714285714,-3.0,STA_CD,-0.8944898936882745,0.9472449468441373
0.9714285714285714,-2.666666666666667,Conventional,-0.5374760261764069,0.7687380130882034
0.9714285714285714,-2.666666666666667,STA_CD,-0.5564628765167684,0.7782314382583841
0.9714285714285714,-2.3333333333333335,Conventional,-0.44024716836813893,0.7201235841840694
0.9714285714285714,-2.3333333333333335,STA_CD,-0.35757162196911896,0.6787858109845595
0.9714285714285714,-2.0,Conventional,-0.5526408969278495,0.7763204484639248
0.9714285714285714,-2.0,STA_CD,-0.35946251536695045,0.6797312576834752
0.9714285714285714,-1.666666666666667,Conventional,-0.7487749940750884,0.8743874970375443
0.9714285714285714,-1.666666666666667,STA_CD,-0.46537412608823403,0.732687063044117
0.9714285714285714,-1.3333333333333335,Conventional,-0.8104873504015517,0.9052436752007759
0.9714285714285714,-1.3333333333333335,STA_CD,-0.7800915254635682,0.8900457627317842
0.9714285714285714,-1.0,Conventional,-0.42554666428282245,0.7127733321414113
0.9714285714285714,-1.0,STA_CD,-0.516171551391786,0.758085775695893
0.9714285714285714,-0.666666666666667,Conventional,-0.7059808408635054,0.8529904204317527
0.9714285714285714,-0.666666666666667,STA_CD,-0.7349557366871914,0.8674778683435957
0.9714285714285714,-0.3333333333333339,Conventional,-0.7509585127720335,0.8754792563860168
0.9714285714285714,-0.3333333333333339,STA_CD,-0.9607842660537831,0.9803921330268915
0.9714285714285714,0.0,Conventional,-0.5901862699112475,0.7950931349556237
0.9714285714285714,0.0,STA_CD,-0.9866155955994582,0.9933077977997291
0.9714285714285714,0.33333333333333304,Conventional,-0.7512498664709519,0.875624933235476
0.9714285714285714,0.33333333333333304,STA_CD,-0.9609907764738199,0.98049538823691
0.9714285714285714,0.6666666666666661,Conventional,-0.7061485651553076,0.8530742825776538
0.9714285714285714,0.6666666666666661,STA_CD,-0.7351663657599709,0.8675831828799854
0.9714285714285714,1.0,Conventional,-0.4259326780660935,0.7129663390330467
0.9714285714285714,1.0,STA_CD,-0.5166936763506761,0.758346838175338
0.9714285714285714,1.333333333333333,Conventional,-0.8111437609935213,0.9055718804967606
0.9714285714285714,1.333333333333333,STA_CD,-0.7808097781285966,0.8904048890642984
0.9714285714285714,1.666666666666666,Conventional,-0.7496409620666072,0.8748204810333036
0.9714285714285714,1.666666666666666,STA_CD,-0.4661921050078337,0.7330960525039169
0.9714285714285714,2.0,Conventional,-0.5533938993876744,0.7766969496938372
0.9714285714285714,2.0,STA_CD,-0.3601285097512066,0.6800642548756033
0.9714285714285714,2.333333333333333,Conventional,-0.441011556709098,0.720505778354549
0.9714285714285714,2.333333333333333,STA_CD,-0.3583048493491962,0.6791524246745981
0.9714285714285714,2.666666666666666,Conventional,-0.5385677269698799,0.7692838634849399
0.9714285714285714,2.666666666666666,STA_CD,-0.5575575048346612,0.7787787524173306
0.9714285714285714,3.0,Conventional,-0.8790924012360356,0.9395462006180177
0.9714285714285714,3.0,STA_CD,-0.8960285916562025,0.9480142958281013
0.9714285714285714,3.333333333333332,Conventional,-0.95480445107673,0.977402225538365
0.9714285714285714,3.333333333333332,STA_CD,-0.9502589278165287,0.9751294639082644
0.9714285714285714,3.666666666666666,Conventional,-0.7169338201538886,0.8584669100769443
0.9714285714285714,3.666666666666666,STA_CD,-0.6931925448736549,0.8465962724368274
0.9714285714285714,4.0,Conventional,-0.562256108034019,0.7811280540170096
0.9714285714285714,4.0,STA_CD,-0.5528115129787533,0.7764057564893767
0.9714285714285714,4.333333333333332,Conventional,-0.10626116509508365,0.5531305825475419
0.9714285714285714,4.333333333333332,STA_CD,-0.10592569475280057,0.5529628473764003
0.9714285714285714,4.666666666666666,Conventional,0.16527392961815845,0.4173630351909208
0.9714285714285714,4.666666666666666,STA_CD,0.1909603320502235,0.4045198339748882
0.9714285714285714,5.0,Conventional,0.3289863010418363,0.3355068494790818
0.9714285714285714,5.0,STA_CD,0.33165470348978576,0.3341726482551071
1.0,-5.0,Conventional,0.30035494382313327,0.3498225280884334
1.0,-5.0,STA_CD,0.3029858521089497,0.34850707394552516
1.0,-4.666666666666667,Conventional,0.1511515430490222,0.4244242284754889
1.0,-4.666666666666667,STA_CD,0.17780792325372144,0.4110960383731393
1.0,-4.333333333333333,Conventional,-0.14390421361644312,0.5719521068082216
1.0,-4.333333333333333,STA_CD,-0.14418645679305214,0.5720932283965261
1.0,-4.0,Conventional,-0.5830716146581317,0.7915358073290659
1.0,-4.0,STA_CD,-0.573090234449726,0.786545117224863
1.0,-3.666666666666667,Conventional,-0.7442249877122429,0.8721124938561214
1.0,-3.666666666666667,STA_CD,-0.7242686940373733,0.8621343470186866
1.0,-3.3333333333333335,Conventional,-0.9701730207312481,0.9850865103656241
1.0,-3.3333333333333335,STA_CD,-0.9669841996817393,0.9834920998408696
1.0,-3.0,Conventional,-0.8892873442734336,0.9446436721367168
1.0,-3.0,STA_CD,-0.9058026808755987,0.9529013404377993
1.0,-2.666666666666667,Conventional,-0.5581218828084697,0.7790609414042349
1.0,-2.666666666666667,STA_CD,-0.5796498896835551,0.7898249448417776
1.0,-2.3333333333333335,Conventional,-0.45870774369649964,0.7293538718482498
1.0,-2.3333333333333335,STA_CD,-0.38052727355424754,0.6902636367771238
1.0,-2.0,Conventional,-0.6047909094830406,0.8023954547415203
1.0,-2.0,STA_CD,-0.4223062229832342,0.7111531114916171
1.0,-1.666666666666667,Conventional,-0.7781003638409942,0.8890501819204971
1.0,-1.666666666666667,STA_CD,-0.5028034428022559,0.7514017214011279
1.0,-1.3333333333333335,Conventional,-0.8320154003996127,0.9160077001998064
1.0,-1.3333333333333335,STA_CD,-0.8081201872685797,0.9040600936342899
1.0,-1.0,Conventional,-0.444177322156129,0.7220886610780645
1.0,-1.0,STA_CD,-0.5195775661151377,0.7597887830575689
1.0,-0.666666666666667,Conventional,-0.73785719660211,0.8689285983010551
1.0,-0.666666666666667,STA_CD,-0.7249951268992622,0.862497563449631
1.0,-0.3333333333333339,Conventional,-0.7857304956318512,0.8928652478159256
1.0,-0.3333333333333339,STA_CD,-0.9676269628714445,0.9838134814357222
1.0,0.0,Conventional,-0.6031279841239116,0.8015639920619557
1.0,0.0,STA_CD,-0.988254638734811,0.9941273193674055
1.0,0.33333333333333304,Conventional,-0.7860171498073699,0.8930085749036849
1.0,0.33333333333333304,STA_CD,-0.9678236278300625,0.9839118139150312
1.0,0.6666666666666661,Conventional,-0.7380401040755935,0.8690200520377968
1.0,0.6666666666666661,STA_CD,-0.7252150346865202,0.8626075173432601
1.0,1.0,Conventional,-0.4445680907566931,0.7222840453783466
1.0,1.0,STA_CD,-0.5200985569117834,0.7600492784558917
1.0,1.333333333333333,Conventional,-0.8326697776211267,0.9163348888105634
1.0,1.333333333333333,STA_CD,-0.8088403457537374,0.9044201728768687
1.0,1.666666666666666,Conventional,-0.7789853161787521,0.889492658089376
1.0,1.666666666666666,STA_CD,-0.5036475866762988,0.7518237933381494
1.0,2.0,Conventional,-0.6055653661495588,0.8027826830747794
1.0,2.0,STA_CD,-0.4229954876665898,0.7114977438332949
1.0,2.333333333333333,Conventional,-0.45949206324005953,0.7297460316200297
1.0,2.333333333333333,STA_CD,-0.3812814979445346,0.6906407489722672
1.0,2.666666666666666,Conventional,-0.559216668977061,0.7796083344885305
1.0,2.666666666666666,STA_CD,-0.5807480148044715,0.7903740074022357
1.0,3.0,Conventional,-0.8908085785876891,0.9454042892938446
1.0,3.0,STA_CD,-0.9073475836167304,0.9536737918083652
1.0,3.333333333333332,Conventional,-0.9719433202115677,0.9859716601057839
1.0,3.333333333333332,STA_CD,-0.9687544270829733,0.9843772135414867
1.0,3.666666666666666,Conventional,-0.7460266528648543,0.8730133264324271
1.0,3.666666666666666,STA_CD,-0.7260595453058722,0.8630297726529361
1.0,4.0,Conventional,-0.5846400346807078,0.792320017340354
1.0,4.0,STA_CD,-0.5746492369223322,0.7873246184611661
1.0,4.333333333333332,Conventional,-0.145203181230996,0.572601590615498
1.0,4.333333333333332,STA_CD,-0.14547240173069156,0.5727362008653458
1.0,4.666666666666666,Conventional,0.15017130407596646,0.42491434796201677
1.0,4.666666666666666,STA_CD,0.17684313513885352,0.41157843243057324
1.0,5.0,Conventional,0.29962375205802,0.35018812397099
1.0,5.0,STA_CD,0.3022653393416924,0.3488673303291538
1.0285714285714285,-5.0,Conventional,0.2717282475985986,0.3641358762007007
1.0285714285714285,-5.0,STA_CD,0.27446926751943546,0.36276536624028227
1.0285714285714285,-4.666666666666667,Conventional,0.13784342025285312,0.43107828987357344
1.0285714285714285,-4.666666666666667,STA_CD,0.16527848293721173,0.41736075853139415
1.0285714285714285,-4.333333333333333,Conventional,-0.18225917153475654,0.5911295857673783
1.0285714285714285,-4.333333333333333,STA_CD,-0.18308331863304914,0.5915416593165246
1.0285714285714285,-4.0,Conventional,-0.6007590847841056,0.8003795423920528
1.0285714285714285,-4.0,STA_CD,-0.5900565014279462,0.7950282507139731
1.0285714285714285,-3.666666666666667,Conventional,-0.77128855151987,0.885644275759935
1.0285714285714285,-3.666666666666667,STA_CD,-0.7553205952386118,0.877660297619306
1.0285714285714285,-3.3333333333333335,Conventional,-0.9818454047537121,0.9909227023768561
1.0285714285714285,-3.3333333333333335,STA_CD,-0.9801356993110072,0.9900678496555035
1.0285714285714285,-3.0,Conventional,-0.8978168870368967,0.9489084435184483
1.0285714285714285,-3.0,STA_CD,-0.9140847739937334,0.9570423869968667
1.0285714285714285,-2.666666666666667,Conventional,-0.5771990014178966,0.7885995007089484
1.0285714285714285,-2.666666666666667,STA_CD,-0.6013251548312867,0.8006625774156433
1.0285714285714285,-2.3333333333333335,Conventional,-0.47473304414702655,0.7373665220735133
1.0285714285714285,-2.3333333333333335,STA_CD,-0.4015587657790037,0.7007793828895018
1.0285714285714285,-2.0,Conventional,-0.6543768233876395,0.8271884116938197
1.0285714285714285,-2.0,STA_CD,-0.4840393415968382,0.7420196707984191
1.0285714285714285,-1.666666666666667,Conventional,-0.8050967823177881,0.9025483911588941
1.0285714285714285,-1.666666666666667,STA_CD,-0.5400598400329383,0.7700299200164691
1.0285714285714285,-1.3333333333333335,Conventional,-0.8500073916608253,0.9250036958304126
1.0285714285714285,-1.3333333333333335,STA_CD,-0.832601377051745,0.9163006885258724
1.0285714285714285,-1.0,Conventional,-0.46165829902842725,0.7308291495142136
1.0285714285714285,-1.0,STA_CD,-0.5218625245663315,0.7609312622831658
1.0285714285714285,-0.666666666666667,Conventional,-0.7655587863529469,0.8827793931764735
1.0285714285714285,-0.666666666666667,STA_CD,-0.7097626664087415,0.8548813332043708
1.0285714285714285,-0.3333333333333339,Conventional,-0.8160988098790471,0.9080494049395236
1.0285714285714285,-0.3333333333333339,STA_CD,-0.9696825491688092,0.9848412745844046
1.0285714285714285,0.0,Conventional,-0.6135411746836072,0.8067705873418036
1.0285714285714285,0.0,STA_CD,-0.9891421255273112,0.9945710627636556
1.0285714285714285,0.33333333333333304,Conventional,-0.8163794829170997,0.9081897414585498
1.0285714285714285,0.33333333333333304,STA_CD,-0.9698694229492099,0.984934711474605
1.0285714285714285,0.6666666666666661,Conventional,-0.7657571869806608,0.8828785934903304
1.0285714285714285,0.6666666666666661,STA_CD,-0.7099916768359406,0.8549958384179703
1.0285714285714285,1.0,Conventional,-0.4620533802238799,0.73102669011194
1.0285714285714285,1.0,STA_CD,-0.5223804210634397,0.7611902105317199
1.0285714285714285,1.333333333333333,Conventional,-0.8506585388453669,0.9253292694226835
1.0285714285714285,1.333333333333333,STA_CD,-0.8333223757651759,0.9166611878825879
1.0285714285714285,1.666666666666666,Conventional,-0.8059983689679493,0.9029991844839746
1.0285714285714285,1.666666666666666,STA_CD,-0.5409285169233812,0.7704642584616905
1.0285714285714285,2.0,Conventional,-0.6551716999925081,0.8275858499962541
1.0285714285714285,2.0,STA_CD,-0.4847517380121244,0.7423758690060622
1.0285714285714285,2.333333333333333,Conventional,-0.475536839252474,0.737768419626237
1.0285714285714285,2.333333333333333,STA_CD,-0.4023338780480898,0.7011669390240449
1.0285714285714285,2.666666666666666,Conventional,-0.5782954309737355,0.7891477154868678
1.0285714285714285,2.666666666666666,STA_CD,-0.6024254099751967,0.8012127049875983
1.0285714285714285,3.0,Conventional,-0.8993405033513205,0.9496702516756603
1.0285714285714285,3.0,STA_CD,-0.9156326589553826,0.9578163294776914
1.0285714285714285,3.333333333333332,Conventional,-0.9836211698045296,0.9918105849022648
1.0285714285714285,3.333333333333332,STA_CD,-0.9819128989922753,0.9909564494961376
1.0285714285714285,3.666666666666666,Conventional,-0.7731083850327841,0.886554192516392
1.0285714285714285,3.666666666666666,STA_CD,-0.7571313810876068,0.8785656905438034
1.0285714285714285,4.0,Conventional,-0.6023518630063766,0.8011759315031883
1.0285714285714285,4.0,STA_CD,-0.5916406551729623,0.7958203275864811
1.0285714285714285,4.333333333333332,Conventional,-0.18358540055795047,0.5917927002789752
1.0285714285714285,4.333333333333332,STA_CD,-0.18439591161555696,0.5921979558077785
1.0285714285714285,4.666666666666666,Conventional,0.13683636191126178,0.4315818190443691
1.0285714285714285,4.666666666666666,STA_CD,0.1642870600615673,0.4178564699692163
1.0285714285714285,5.0,Conventional,0.27097465283433775,0.3645126735828311
1.0285714285714285,5.0,STA_CD,0.27372641515354534,0.36313679242322733
1.0571428571428572,-5.0,Conventional,0.24401815294405468,0.37799092352797264
1.0571428571428572,-5.0,STA_CD,0.24703808069559854,0.37648095965220074
1.0571428571428572,-4.666666666666667,Conventional,0.12615995437379507,0.4369200228131025
1.0571428571428572,-4.666666666666667,STA_CD,0.15411601320196272,0.4229419933990186
1.0571428571428572,-4.333333333333333,Conventional,-0.21992023617558001,0.60996011808779
1.0571428571428572,-4.333333333333333,STA_CD,-0.22117633357303543,0.6105881667865177
1.0571428571428572,-4.0,Conventional,-0.6138767377340257,0.8069383688670129
1.0571428571428572,-4.0,STA_CD,-0.6023088820581386,0.8011544410290693
1.0571428571428572,-3.666666666666667,Conventional,-0.7964571740386593,0.8982285870193296
1.0571428571428572,-3.666666666666667,STA_CD,-0.784596665571382,0.892298332785691
1.0571428571428572,-3.3333333333333335,Conventional,-0.9883359629688495,0.9941679814844248
1.0571428571428572,-3.3333333333333335,STA_CD,-0.9882353294434784,0.9941176647217391
1.0571428571428572,-3.0,Conventional,-0.9033848438783282,0.951692421939164
1.0571428571428572,-3.0,STA_CD,-0.9195517671853374,0.9597758835926686
1.0571428571428572,-2.666666666666667,Conventional,-0.5950399504828171,0.7975199752414086
1.0571428571428572,-2.666666666666667,STA_CD,-0.6218298283285525,0.8109149141642762
1.0571428571428572,-2.3333333333333335,Conventional,-0.48852222257496547,0.7442611112874827
1.0571428571428572,-2.3333333333333335,STA_CD,-0.42087613246861744,0.7104380662343087
1.0571428571428572,-2.0,Conventional,-0.7010069318288382,0.850503465914419
1.0571428571428572,-2.0,STA_CD,-0.5440795030619399,0.7720397515309699
1.0571428571428572,-1.666666666666667,Conventional,-0.8299737498913353,0.9149868749456677
1.0571428571428572,-1.666666666666667,STA_CD,-0.5772145429589572,0.7886072714794786
1.0571428571428572,-1.3333333333333335,Conventional,-0.8648501285742163,0.9324250642871081
1.0571428571428572,-1.3333333333333335,STA_CD,-0.85367425406852,0.92683712703426
1.0571428571428572,-1.0,Conventional,-0.47833035067193036,0.7391651753359652
1.0571428571428572,-1.0,STA_CD,-0.52342557624259,0.7617127881212951
1.0571428571428572,-0.666666666666667,Conventional,-0.7891509669781744,0.8945754834890872
1.0571428571428572,-0.666666666666667,STA_CD,-0.6899137039243329,0.8449568519621664
1.0571428571428572,-0.3333333333333339,Conventional,-0.8420161526283048,0.9210080763141524
1.0571428571428572,-0.3333333333333339,STA_CD,-0.9672125688829256,0.9836062844414628
1.0571428571428572,0.0,Conventional,-0.6216889702736507,0.8108444851368253
1.0571428571428572,0.0,STA_CD,-0.9895469645164768,0.9947734822582384
1.0571428571428572,0.33333333333333304,Conventional,-0.8422896920416004,0.9211448460208003
1.0571428571428572,0.33333333333333304,STA_CD,-0.9673900647192284,0.9836950323596142
1.0571428571428572,0.6666666666666661,Conventional,-0.7893650310427553,0.8946825155213777
1.0571428571428572,0.6666666666666661,STA_CD,-0.6901515514074167,0.8450757757037084
1.0571428571428572,1.0,Conventional,-0.478729362177918,0.739364681088959
1.0571428571428572,1.0,STA_CD,-0.5239384621992808,0.7619692310996404
1.0571428571428572,1.333333333333333,Conventional,-0.8654970686012686,0.9327485343006343
1.0571428571428572,1.333333333333333,STA_CD,-0.8543951359587373,0.9271975679793687
1.0571428571428572,1.666666666666666,Conventional,-0.8308895715621335,0.9154447857810668
1.0571428571428572,1.666666666666666,STA_CD,-0.5781059351490416,0.7890529675745208
1.0571428571428572,2.0,Conventional,-0.7018211590172898,0.8509105795086449
1.0571428571428572,2.0,STA_CD,-0.5448148575371103,0.7724074287685552
1.0571428571428572,2.333333333333333,Conventional,-0.4893450254688093,0.7446725127344047
1.0571428571428572,2.333333333333333,STA_CD,-0.421672016497132,0.710836008248566
1.0571428571428572,2.666666666666666,Conventional,-0.5961368548374629,0.7980684274187315
1.0571428571428572,2.666666666666666,STA_CD,-0.622931145501368,0.811465572750684
1.0571428571428572,3.0,Conventional,-0.9049079069919926,0.9524539534959964
1.0571428571428572,3.0,STA_CD,-0.9210996778334084,0.9605498389167042
1.0571428571428572,3.333333333333332,Conventional,-0.9901135083230602,0.99505675416153
1.0571428571428572,3.333333333333332,STA_CD,-0.9900159572049161,0.995007978602458
1.0571428571428572,3.666666666666666,Conventional,-0.7982911118909459,0.899145555945473
1.0571428571428572,3.666666666666666,STA_CD,-0.7864232926181929,0.8932116463090964
1.0571428571428572,4.0,Conventional,-0.6154908505978113,0.8077454252989056
1.0571428571428572,4.0,STA_CD,-0.6039151320373164,0.8019575660186582
1.0571428571428572,4.333333333333332,Conventional,-0.22127129369464352,0.6106356468473217
1.0571428571428572,4.333333333333332,STA_CD,-0.2225131163004697,0.6112565581502348
1.0571428571428572,4.666666666666666,Conventional,0.1251274176749483,0.43743629116252586
1.0571428571428572,4.666666666666666,STA_CD,0.15309923574079937,0.4234503821296003
1.0571428571428572,5.0,Conventional,0.24324303631620156,0.3783784818418992
1.0571428571428572,5.0,STA_CD,0.24627373304656938,0.3768631334767153
1.0857142857142856,-5.0,Conventional,0.21743841757162935,0.39128079121418535
1.0857142857142856,-5.0,STA_CD,0.22093732185430778,0.3895313390728461
1.0857142857142856,-4.666666666666667,Conventional,0.11591942030668899,0.4420402898466555
1.0857142857142856,-4.666666666666667,STA_CD,0.1440855039443476,0.4279572480278262
1.0857142857142856,-4.333333333333333,Conventional,-0.2567170374810361,0.6283585187405181
1.0857142857142856,-4.333333333333333,STA_CD,-0.25824267328178985,0.629121336640895
1.0857142857142856,-4.0,Conventional,-0.6226022289836687,0.8113011144918343
1.0857142857142856,-4.0,STA_CD,-0.6100696121310506,0.8050348060655252
1.0857142857142856,-3.666666666666667,Conventional,-0.8198007328363646,0.9099003664181823
1.0857142857142856,-3.666666666666667,STA_CD,-0.8120550044978215,0.9060275022489108
1.0857142857142856,-3.3333333333333335,Conventional,-0.9900038321815602,0.9950019160907801
1.0857142857142856,-3.3333333333333335,STA_CD,-0.9916526245699194,0.9958263122849598
1.0857142857142856,-3.0,Conventional,-0.9061770456397117,0.9530885228198558
1.0857142857142856,-3.0,STA_CD,-0.9223725791291814,0.9611862895645906
1.0857142857142856,-2.666666666666667,Conventional,-0.6119730329477936,0.8059865164738969
1.0857142857142856,-2.666666666666667,STA_CD,-0.6414931170273995,0.8207465585136997
1.0857142857142856,-2.3333333333333335,Conventional,-0.5003093102701258,0.7501546551350629
1.0857142857142856,-2.3333333333333335,STA_CD,-0.4387246119377923,0.7193623059688962
1.0857142857142856,-2.0,Conventional,-0.7442842813466042,0.8721421406733021
1.0857142857142856,-2.0,STA_CD,-0.6018082102456561,0.8009041051228281
1.0857142857142856,-1.666666666666667,Conventional,-0.8529156058252438,0.9264578029126219
1.0857142857142856,-1.666666666666667,STA_CD,-0.6142574762980932,0.8071287381490466
1.0857142857142856,-1.3333333333333335,Conventional,-0.8769678477734935,0.9384839238867467
1.0857142857142856,-1.3333333333333335,STA_CD,-0.8715114196964872,0.9357557098482436
1.0857142857142856,-1.0,Conventional,-0.49454601268077397,0.747273006340387
1.0857142857142856,-1.0,STA_CD,-0.5246731583415137,0.7623365791707568
1.0857142857142856,-0.666666666666667,Conventional,-0.8087742894464203,0.9043871447232101
1.0857142857142856,-0.666666666666667,STA_CD,-0.6662289095232528,0.8331144547616264
1.0857142857142856,-0.3333333333333339,Conventional,-0.8635039798009196,0.9317519899004598
1.0857142857142856,-0.3333333333333339,STA_CD,-0.9605457082035002,0.98027285410175
1.0857142857142856,0.0,Conventional,-0.6278520877500551,0.8139260438750275
1.0857142857142856,0.0,STA_CD,-0.9896553000917441,0.994827650045872
1.0857142857142856,0.33333333333333304,Conventional,-0.8637693792677029,0.9318846896338515
1.0857142857142856,0.33333333333333304,STA_CD,-0.9607145898051578,0.980357294902579
1.0857142857142856,0.6666666666666661,Conventional,-0.8090040392120933,0.9045020196060467
1.0857142857142856,0.6666666666666661,STA_CD,-0.6664752438626768,0.8332376219313384
1.0857142857142856,1.0,Conventional,-0.49494863006846884,0.7474743150342344
1.0857142857142856,1.0,STA_CD,-0.5251791897724511,0.7625895948862256
1.0857142857142856,1.333333333333333,Conventional,-0.8776098221111258,0.938804911055563
1.0857142857142856,1.333333333333333,STA_CD,-0.8722313192429956,0.9361156596214978
1.0857142857142856,1.666666666666666,Conventional,-0.8538432402640088,0.9269216201320044
1.0857142857142856,1.666666666666666,STA_CD,-0.6151695855382461,0.8075847927691231
1.0857142857142856,2.0,Conventional,-0.7451167596823277,0.8725583798411638
1.0857142857142856,2.0,STA_CD,-0.6025662984212687,0.8012831492106344
1.0857142857142856,2.333333333333333,Conventional,-0.50115063132721,0.750575315663605
1.0857142857142856,2.333333333333333,STA_CD,-0.4395411265624743,0.7197705632812371
1.0857142857142856,2.666666666666666,Conventional,-0.6130695062364061,0.806534753118203
1.0857142857142856,2.666666666666666,STA_CD,-0.6425947129657492,0.8212973564828746
1.0857142857142856,3.0,Conventional,-0.9076968960465768,0.9538484480232884
1.0857142857142856,3.0,STA_CD,-0.9239178316785576,0.9619589158392787
1.0857142857142856,3.333333333333332,Conventional,-0.9917797849007881,0.995889892450394
1.0857142857142856,3.333333333333332,STA_CD,-0.993433427071542,0.9967167135357711
1.0857142857142856,3.666666666666666,Conventional,-0.8216448549905239,0.9108224274952619
1.0857142857142856,3.666666666666666,STA_CD,-0.8138934858258812,0.9069467429129405
1.0857142857142856,4.0,Conventional,-0.6242347401309208,0.8121173700654605
1.0857142857142856,4.0,STA_CD,-0.6116949736994624,0.8058474868497312
1.0857142857142856,4.333333333333332,Conventional,-0.258090490717657,0.6290452453588284
1.0857142857142856,4.333333333333332,STA_CD,-0.25960119321511266,0.6298005966075564
1.0857142857142856,4.666666666666666,Conventional,0.11486277210567714,0.4425686139471614
1.0857142857142856,4.666666666666666,STA_CD,0.1430446777706604,0.4284776611146698
1.0857142857142856,5.0,Conventional,0.2166426867317084,0.3916786566341458
1.0857142857142856,5.0,STA_CD,0.22015234951077498,0.3899238252446125
1.1142857142857143,-5.0,Conventional,0.1922098103488013,0.4038950948255994
1.1142857142857143,-5.0,STA_CD,0.19641721252035726,0.40179139373982137
1.1142857142857143,-4.666666666666667,Conventional,0.10690201624331833,0.44654899187834085
1.1142857142857143,-4.666666666666667,STA_CD,0.13491333041589748,0.43254333479205126
1.1142857142857143,-4.333333333333333,Conventional,-0.29244380970337686,0.6462219048516884
1.1142857142857143,-4.333333333333333,STA_CD,-0.29401939587850046,0.6470096979392502
1.1142857142857143,-4.0,Conventional,-0.6271927488312364,0.8135963744156183
1.1142857142857143,-4.0,STA_CD,-0.6136545613898722,0.8068272806949361
1.1142857142857143,-3.666666666666667,Conventional,-0.8413394544150565,0.9206697272075283
1.1142857142857143,-3.666666666666667,STA_CD,-0.8375911214947969,0.9187955607473984
1.1142857142857143,-3.3333333333333335,Conventional,-0.9872892897578492,0.9936446448789247
1.1142857142857143,-3.3333333333333335,STA_CD,-0.9908419341852271,0.9954209670926135
1.1142857142857143,-3.0,Conventional,-0.9063426596550349,0.9531713298275175
1.1142857142857143,-3.0,STA_CD,-0.9226673960550308,0.9613336980275153
1.1142857142857143,-2.666666666666667,Conventional,-0.6283100952753543,0.8141550476376771
1.1142857142857143,-2.666666666666667,STA_CD,-0.6606161644574698,0.830308082228735
1.1142857142857143,-2.3333333333333335,Conventional,-0.5103650514871264,0.7551825257435631
1.1142857142857143,-2.3333333333333335,STA_CD,-0.4553846611499948,0.7276923305749974
1.1142857142857143,-2.0,Conventional,-0.7838177581581273,0.8919088790790637
1.1142857142857143,-2.0,STA_CD,-0.6565876660076083,0.8282938330038041
1.1142857142857143,-1.666666666666667,Conventional,-0.8740689816750936,0.9370344908375468
1.1142857142857143,-1.666666666666667,STA_CD,-0.6510849646375099,0.8255424823187549
1.1142857142857143,-1.3333333333333335,Conventional,-0.8868074516112746,0.9434037258056374
1.1142857142857143,-1.3333333333333335,STA_CD,-0.8863104032689701,0.9431552016344851
1.1142857142857143,-1.0,Conventional,-0.5106636231714936,0.7553318115857468
1.1142857142857143,-1.0,STA_CD,-0.5260181406577235,0.7630090703288617
1.1142857142857143,-0.666666666666667,Conventional,-0.8246475075336258,0.912323753766813
1.1142857142857143,-0.666666666666667,STA_CD,-0.6396097550952164,0.8198048775476082
1.1142857142857143,-0.3333333333333339,Conventional,-0.8806600851406985,0.9403300425703492
1.1142857142857143,-0.3333333333333339,STA_CD,-0.9500862095091388,0.9750431047545693
1.1142857142857143,0.0,Conventional,-0.63233111559953,0.8161655577997651
1.1142857142857143,0.0,STA_CD,-0.9895822288972358,0.9947911144486179
1.1142857142857143,0.33333333333333304,Conventional,-0.8809164983327096,0.9404582491663548
1.1142857142857143,0.33333333333333304,STA_CD,-0.950247570871287,0.9751237854356435
1.1142857142857143,0.6666666666666661,Conventional,-0.8248928121833949,0.9124464060916975
1.1142857142857143,0.6666666666666661,STA_CD,-0.639864149661686,0.819932074830843
1.1142857142857143,1.0,Conventional,-0.5110695766088019,0.755534788304401
1.1142857142857143,1.0,STA_CD,-0.5265155767741949,0.7632577883870975
1.1142857142857143,1.333333333333333,Conventional,-0.8874439149213145,0.9437219574606572
1.1142857142857143,1.333333333333333,STA_CD,-0.8870285283838315,0.9435142641919158
1.1142857142857143,1.666666666666666,Conventional,-0.875006010560351,0.9375030052801755
1.1142857142857143,1.666666666666666,STA_CD,-0.6520156212103155,0.8260078106051578
1.1142857142857143,2.0,Conventional,-0.7846673632055111,0.8923336816027556
1.1142857142857143,2.0,STA_CD,-0.657368195980242,0.828684097990121
1.1142857142857143,2.333333333333333,Conventional,-0.5112243703397943,0.7556121851698971
1.1142857142857143,2.333333333333333,STA_CD,-0.4562216218627368,0.7281108109313684
1.1142857142857143,2.666666666666666,Conventional,-0.6294054788711145,0.8147027394355573
1.1142857142857143,2.666666666666666,STA_CD,-0.6617175196577566,0.8308587598288784
1.1142857142857143,3.0,Conventional,-0.9078569185325523,0.9539284592662762
1.1142857142857143,3.0,STA_CD,-0.9242075820818522,0.962103791040926
1.1142857142857143,3.333333333333332,Conventional,-0.9890606006993895,0.9945303003496948
1.1142857142857143,3.333333333333332,STA_CD,-0.9926199547540577,0.9963099773770289
1.1142857142857143,3.666666666666666,Conventional,-0.8431900092301684,0.9215950046150843
1.1142857142857143,3.666666666666666,STA_CD,-0.8394376022365793,0.9197188011182896
1.1142857142857143,4.0,Conventional,-0.628840825162259,0.8144204125811295
1.1142857142857143,4.0,STA_CD,-0.6152961373608576,0.8076480686804288
1.1142857142857143,4.333333333333332,Conventional,-0.29383724345475776,0.6469186217273789
1.1142857142857143,4.333333333333332,STA_CD,-0.295397225834286,0.647698612917143
1.1142857142857143,4.666666666666666,Conventional,0.10582264208606218,0.4470886789569689
1.1142857142857143,4.666666666666666,STA_CD,0.13384978051745186,0.43307510974127406
1.1142857142857143,5.0,Conventional,0.19139439217286322,0.4043028039135684
1.1142857142857143,5.0,STA_CD,0.19561250533183977,0.4021937473340801
1.1428571428571428,-5.0,Conventional,0.16855667214336786,0.41572166392831605
1.1428571428571428,-5.0,STA_CD,0.17372822397225826,0.41313588801387086
1.1428571428571428,-4.666666666666667,Conventional,0.09885296871753274,0.4505735156412336
1.1428571428571428,-4.666666666666667,STA_CD,0.1262922657673403,0.43685386711632984
1.1428571428571428,-4.333333333333333,Conventional,-0.3268592901131157,0.6634296450565579
1.1428571428571428,-4.333333333333333,STA_CD,-0.32820499949098975,0.6641024997454948
1.1428571428571428,-4.0,Conventional,-0.6279841371901628,0.8139920685950814
1.1428571428571428,-4.0,STA_CD,-0.6134711671796547,0.8067355835898273
1.1428571428571428,-3.666666666666667,Conventional,-0.8610386838927109,0.9305193419463554
1.1428571428571428,-3.666666666666667,STA_CD,-0.861035700217476,0.930517850108738
1.1428571428571428,-3.3333333333333335,Conventional,-0.9807083576246997,0.9903541788123498
1.1428571428571428,-3.3333333333333335,STA_CD,-0.9863357032817114,0.9931678516408557
1.1428571428571428,-3.0,Conventional,-0.9039943953949899,0.951997197697495
1.1428571428571428,-3.0,STA_CD,-0.9205099779281428,0.9602549889640715
1.1428571428571428,-2.666666666666667,Conventional,-0.6443336489109128,0.8221668244554564
1.1428571428571428,-2.666666666666667,STA_CD,-0.6794553351854126,0.8397276675927063
1.1428571428571428,-2.3333333333333335,Conventional,-0.518997832123712,0.7594989160618559
1.1428571428571428,-2.3333333333333335,STA_CD,-0.4711706008123625,0.7355853004061812
1.1428571428571428,-2.0,Conventional,-0.8192352541639014,0.9096176270819507
1.1428571428571428,-2.0,STA_CD,-0.7077812231848142,0.8538906115924071
1.1428571428571428,-1.666666666666667,Conventional,-0.8935318537370212,0.9467659268685106
1.1428571428571428,-1.666666666666667,STA_CD,-0.6874913011931248,0.8437456505965624
1.1428571428571428,-1.3333333333333335,Conventional,-0.894821769804056,0.947410884902028
1.1428571428571428,-1.3333333333333335,STA_CD,-0.8982826255678452,0.9491413127839226
1.1428571428571428,-1.0,Conventional,-0.5270399052585433,0.7635199526292716
1.1428571428571428,-1.0,STA_CD,-0.5278765674094994,0.7639382837047497
1.1428571428571428,-0.666666666666667,Conventional,-0.8370681307861803,0.9185340653930901
1.1428571428571428,-0.666666666666667,STA_CD,-0.6110687148872819,0.8055343574436409
1.1428571428571428,-0.3333333333333339,Conventional,-0.8936646276228807,0.9468323138114403
1.1428571428571428,-0.3333333333333339,STA_CD,-0.9363203024827167,0.9681601512413583
1.1428571428571428,0.0,Conventional,-0.635449066100357,0.8177245330501786
1.1428571428571428,0.0,STA_CD,-0.9893872283753762,0.9946936141876881
1.1428571428571428,0.33333333333333304,Conventional,-0.8939113784301522,0.9469556892150761
1.1428571428571428,0.33333333333333304,STA_CD,-0.9364755364877454,0.9682377682438728
1.1428571428571428,0.6666666666666661,Conventional,-0.8373287044667057,0.9186643522333529
1.1428571428571428,0.6666666666666661,STA_CD,-0.6113306781989235,0.8056653390994617
1.1428571428571428,1.0,Conventional,-0.5274489754042454,0.7637244877021228
1.1428571428571428,1.0,STA_CD,-0.5283638026004052,0.7641819013002026
1.1428571428571428,1.333333333333333,Conventional,-0.895452380042561,0.9477261900212806
1.1428571428571428,1.333333333333333,STA_CD,-0.8989982397342581,0.949499119867129
1.1428571428571428,1.666666666666666,Conventional,-0.894475889550048,0.947237944775024
1.1428571428571428,1.666666666666666,STA_CD,-0.688438177045658,0.844219088522829
1.1428571428571428,2.0,Conventional,-0.8201008417765558,0.9100504208882779
1.1428571428571428,2.0,STA_CD,-0.7085838185080888,0.8542919092540444
1.1428571428571428,2.333333333333333,Conventional,-0.5198745899556961,0.759937294977848
1.1428571428571428,2.333333333333333,STA_CD,-0.4720277618144156,0.7360138809072078
1.1428571428571428,2.666666666666666,Conventional,-0.6454275115092302,0.8227137557546151
1.1428571428571428,2.666666666666666,STA_CD,-0.6805561671077037,0.8402780835538519
1.1428571428571428,3.0,Conventional,-0.9055009657092968,0.9527504828546485
1.1428571428571428,3.0,STA_CD,-0.922042962396205,0.9610214811981025
1.1428571428571428,3.333333333333332,Conventional,-0.9824723065315262,0.9912361532657631
1.1428571428571428,3.333333333333332,STA_CD,-0.9881082815706174,0.9940541407853087
1.1428571428571428,3.666666666666666,Conventional,-0.8628921094788893,0.9314460547394446
1.1428571428571428,3.666666666666666,STA_CD,-0.86288648120116,0.9314432406005799
1.1428571428571428,4.0,Conventional,-0.6296450620333371,0.8148225310166686
1.1428571428571428,4.0,STA_CD,-0.6151261621721976,0.8075630810860988
1.1428571428571428,4.333333333333332,Conventional,-0.3282703237335316,0.6641351618667658
1.1428571428571428,4.333333333333332,STA_CD,-0.32959975596181973,0.6647998779809099
1.1428571428571428,4.666666666666666,Conventional,0.09775226599666632,0.45112386700166685
1.1428571428571428,4.666666666666666,STA_CD,0.12520733081081423,0.4373963345945929
1.1428571428571428,5.0,Conventional,0.16772250557850021,0.4161387472107499
1.1428571428571428,5.0,STA_CD,0.1729046840839774,0.4135476579580113
1.1714285714285713,-5.0,Conventional,0.14670278499101744,0.4266486075044913
1.1714285714285713,-5.0,STA_CD,0.15311529287489506,0.42344235356255244
1.1714285714285713,-4.666666666666667,Conventional,0.0914868782284646,0.4542565608857677
1.1714285714285713,-4.666666666666667,STA_CD,0.11788806389683773,0.44105596805158115
1.1714285714285713,-4.333333333333333,Conventional,-0.3596882476299194,0.6798441238149597
1.1714285714285713,-4.333333333333333,STA_CD,-0.36046312236199435,0.6802315611809971
1.1714285714285713,-4.0,Conventional,-0.6253877833308106,0.8126938916654053
1.1714285714285713,-4.0,STA_CD,-0.610013258731075,0.8050066293655376
1.1714285714285713,-3.666666666666667,Conventional,-0.8788064011054512,0.9394032005527255
1.1714285714285713,-3.666666666666667,STA_CD,-0.8821561197282621,0.9410780598641311
1.1714285714285713,-3.3333333333333335,Conventional,-0.9708445318909106,0.9854222659454552
1.1714285714285713,-3.3333333333333335,STA_CD,-0.9787341049379525,0.9893670524689763
1.1714285714285713,-3.0,Conventional,-0.899212077380778,0.9496060386903891
1.1714285714285713,-3.0,STA_CD,-0.9159344400450482,0.9579672200225241
1.1714285714285713,-2.666666666666667,Conventional,-0.6602837077985831,0.8301418538992915
1.1714285714285713,-2.666666666666667,STA_CD,-0.6982056128278932,0.8491028064139465
1.1714285714285713,-2.3333333333333335,Conventional,-0.5265531942867476,0.7632765971433738
1.1714285714285713,-2.3333333333333335,STA_CD,-0.4864273461996017,0.7432136730998009
1.1714285714285713,-2.0,Conventional,-0.8501986263941342,0.9250993131970671
1.1714285714285713,-2.0,STA_CD,-0.7547769736733555,0.8773884868366777
1.1714285714285713,-1.666666666666667,Conventional,-0.9113449490363944,0.9556724745181973
1.1714285714285713,-1.666666666666667,STA_CD,-0.7231652414713964,0.8615826207356982
1.1714285714285713,-1.3333333333333335,Conventional,-0.9014513445021418,0.9507256722510709
1.1714285714285713,-1.3333333333333335,STA_CD,-0.9076402401402567,0.9538201200701284
1.1714285714285713,-1.0,Conventional,-0.5440209072002392,0.7720104536001196
1.1714285714285713,-1.0,STA_CD,-0.5306612988444159,0.765330649422208
1.1714285714285713,-0.666666666666667,Conventional,-0.8464099731857508,0.9232049865928754
1.1714285714285713,-0.666666666666667,STA_CD,-0.5817134345916681,0.7908567172958341
1.1714285714285713,-0.3333333333333339,Conventional,-0.9027839083869438,0.9513919541934719
1.1714285714285713,-0.3333333333333339,STA_CD,-0.9198194118939235,0.9599097059469617
1.1714285714285713,0.0,Conventional,-0.6375536071858521,0.818776803592926
1.1714285714285713,0.0,STA_CD,-0.9890918313953984,0.9945459156976992
1.1714285714285713,0.33333333333333304,Conventional,-0.9030204974180213,0.9515102487090106
1.1714285714285713,0.33333333333333304,STA_CD,-0.9199701685005053,0.9599850842502526
1.1714285714285713,0.6666666666666661,Conventional,-0.8466853765095179,0.923342688254759
1.1714285714285713,0.6666666666666661,STA_CD,-0.581982424375624,0.790991212187812
1.1714285714285713,1.0,Conventional,-0.544432920257139,0.7722164601285695
1.1714285714285713,1.0,STA_CD,-0.5311368951186799,0.76556844755934
1.1714285714285713,1.333333333333333,Conventional,-0.9020759491413003,0.9510379745706501
1.1714285714285713,1.333333333333333,STA_CD,-0.9083526457696292,0.9541763228848146
1.1714285714285713,1.666666666666666,Conventional,-0.9122936614155893,0.9561468307077947
1.1714285714285713,1.666666666666666,STA_CD,-0.7241258677455527,0.8620629338727763
1.1714285714285713,2.0,Conventional,-0.8510790381402232,0.9255395190701117
1.1714285714285713,2.0,STA_CD,-0.7556011565780799,0.8778005782890399
1.1714285714285713,2.333333333333333,Conventional,-0.5274467873577829,0.7637233936788914
1.1714285714285713,2.333333333333333,STA_CD,-0.4873043835131608,0.7436521917565804
1.1714285714285713,2.666666666666666,Conventional,-0.661375822077307,0.8306879110386536
1.1714285714285713,2.666666666666666,STA_CD,-0.6993058441701244,0.8496529220850622
1.1714285714285713,3.0,Conventional,-0.9007091415159759,0.9503545707579879
1.1714285714285713,3.0,STA_CD,-0.9174583561584989,0.9587291780792495
1.1714285714285713,3.333333333333332,Conventional,-0.972598726873812,0.9862993634369059
1.1714285714285713,3.333333333333332,STA_CD,-0.9804988713284911,0.9902494356642455
1.1714285714285713,3.666666666666666,Conventional,-0.8806593440103381,0.940329672005169
1.1714285714285713,3.666666666666666,STA_CD,-0.8840076795517169,0.9420038397758584
1.1714285714285713,4.0,Conventional,-0.6270589668486605,0.8135294834243303
1.1714285714285713,4.0,STA_CD,-0.6116789909430447,0.8058394954715223
1.1714285714285713,4.333333333333332,Conventional,-0.3611145509326267,0.6805572754663134
1.1714285714285713,4.333333333333332,STA_CD,-0.36187248332475785,0.680936241662379
1.1714285714285713,4.666666666666666,Conventional,0.09036625004658941,0.4548168749767053
1.1714285714285713,4.666666666666666,STA_CD,0.11678309107548726,0.4416084544622564
1.1714285714285713,5.0,Conventional,0.14585081420823967,0.4270745928958802
1.1714285714285713,5.0,STA_CD,0.1522738281552009,0.4238630859223995
1.2,-5.0,Conventional,0.12686657409325908,0.43656671295337046
1.2,-5.0,STA_CD,0.13481125950680065,0.4325943702465997
1.2,-4.666666666666667,Conventional,0.08449333821402327,0.45775333089298836
1.2,-4.666666666666667,STA_CD,0.10934761101496734,0.4453261944925163
1.2,-4.333333333333333,Conventional,-0.3906247948120488,0.6953123974060245
1.2,-4.333333333333333,STA_CD,-0.39042854014971395,0.6952142700748569
1.2,-4.0,Conventional,-0.6198850967883458,0.8099425483941729
1.2,-4.0,STA_CD,-0.6038525248916093,0.8019262624458047
1.2,-3.666666666666667,Conventional,-0.8944938339894888,0.9472469169947444
1.2,-3.666666666666667,STA_CD,-0.9006620707373686,0.9503310353686842
1.2,-3.3333333333333335,Conventional,-0.9583374789372143,0.9791687394686072
1.2,-3.3333333333333335,STA_CD,-0.9686908681999455,0.9843454340999728
1.2,-3.0,Conventional,-0.8920495459086851,0.9460247729543425
1.2,-3.0,STA_CD,-0.9089463586424453,0.9544731793212227
1.2,-2.666666666666667,Conventional,-0.6763448594081515,0.8381724297040758
1.2,-2.666666666666667,STA_CD,-0.7169849763397399,0.8584924881698699
1.2,-2.3333333333333335,Conventional,-0.5334114315419083,0.7667057157709541
1.2,-2.3333333333333335,STA_CD,-0.501524701643051,0.7507623508215255
1.2,-2.0,Conventional,-0.8764200117517151,0.9382100058758576
1.2,-2.0,STA_CD,-0.7970137211777641,0.8985068605888821
1.2,-1.666666666666667,Conventional,-0.9274862361839753,0.9637431180919876
1.2,-1.666666666666667,STA_CD,-0.7576923634058785,0.8788461817029393
1.2,-1.3333333333333335,Conventional,-0.9071054024654793,0.9535527012327396
1.2,-1.3333333333333335,STA_CD,-0.9145815304506406,0.9572907652253203
1.2,-1.0,Conventional,-0.561931208781365,0.7809656043906825
1.2,-1.0,STA_CD,-0.5347720967250684,0.7673860483625342
1.2,-0.666666666666667,Conventional,-0.8531172232011205,0.9265586116005602
1.2,-0.666666666666667,STA_CD,-0.552724348349612,0.776362174174806
1.2,-0.3333333333333339,Conventional,-0.9083711991425776,0.9541855995712888
1.2,-0.3333333333333339,STA_CD,-0.9012389268507475,0.9506194634253737
1.2,0.0,Conventional,-0.6390183070198406,0.8195091535099204
1.2,0.0,STA_CD,-0.9886978618799243,0.9943489309399621
1.2,0.33333333333333304,Conventional,-0.9085973062444848,0.9542986531222424
1.2,0.33333333333333304,STA_CD,-0.901387061933718,0.9506935309668589
1.2,0.6666666666666661,Conventional,-0.853406868089323,0.9267034340446615
1.2,0.6666666666666661,STA_CD,-0.5529997875968492,0.7764998937984247
1.2,1.0,Conventional,-0.5623460309511404,0.7811730154755703
1.2,1.0,STA_CD,-0.5352348154709751,0.7676174077354876
1.2,1.333333333333333,Conventional,-0.9077240214867102,0.9538620107433551
1.2,1.333333333333333,STA_CD,-0.9152900544879178,0.957645027243959
1.2,1.666666666666666,Conventional,-0.9284373773608872,0.9642186886804436
1.2,1.666666666666666,STA_CD,-0.7586641520126984,0.8793320760063492
1.2,2.0,Conventional,-0.8773140802250141,0.9386570401125071
1.2,2.0,STA_CD,-0.7978588968817834,0.8989294484408916
1.2,2.333333333333333,Conventional,-0.5343212065158177,0.7671606032579088
1.2,2.333333333333333,STA_CD,-0.5024211977056159,0.7512105988528079
1.2,2.666666666666666,Conventional,-0.6774351760144748,0.8387175880072374
1.2,2.666666666666666,STA_CD,-0.7180846997841718,0.8590423498920858
1.2,3.0,Conventional,-0.8935355601299942,0.9467677800649972
1.2,3.0,STA_CD,-0.9104595997067626,0.9552297998533813
1.2,3.333333333333332,Conventional,-0.9600798502315149,0.9800399251157574
1.2,3.333333333333332,STA_CD,-0.9704457334242546,0.9852228667121272
1.2,3.666666666666666,Conventional,-0.8963431651435512,0.9481715825717756
1.2,3.666666666666666,STA_CD,-0.90251108584847,0.951255542924235
1.2,4.0,Conventional,-0.6215640834666621,0.8107820417333311
1.2,4.0,STA_CD,-0.6055264353286488,0.8027632176643245
1.2,4.333333333333332,Conventional,-0.39206410280196,0.69603205140098
1.2,4.333333333333332,STA_CD,-0.3918502615722049,0.6959251307861025
1.2,4.666666666666666,Conventional,0.08335418799064781,0.45832290600467607
1.2,4.666666666666666,STA_CD,0.10822395182931858,0.44588802408534073
1.2,5.0,Conventional,0.12599774183462686,0.43700112908268657
1.2,5.0,STA_CD,0.1339527772403301,0.4330236113798349
