pulse_duration_ms,speedup_vs_20ms,pulse,final_Mz,inversion_fidelity,peak_omega_x,peak_omega_y,peak_total_omega,J_RF
1.0,20.0,Conventional,-0.5863600337859374,0.7931800168929687,6283.185307179586,0.0,6283.185307179586,39478.417604357426
1.0,20.0,STA_CD,-0.9508183489544951,0.9754091744772475,6283.185307179586,10000.0,11810.098120013967,55135.50219498798
1.25,16.0,Conventional,-0.3455428600182385,0.6727714300091192,6283.185307179586,0.0,6283.185307179586,49348.02200544679
1.25,16.0,STA_CD,-0.9937572201533966,0.9968786100766983,6283.185307179586,8000.0,10172.43420250814,61873.68967795123
1.5,13.333333333333334,Conventional,-0.31991650341973465,0.6599582517098673,6283.185307179586,0.0,6283.185307179586,59217.62640653615
1.5,13.333333333333334,STA_CD,-0.9381617645486169,0.9690808822743084,6283.185307179586,6666.666666666666,9160.942203114364,69655.68280028985
1.75,11.428571428571429,Conventional,-0.8793503664422248,0.9396751832211123,6283.185307179586,0.0,6283.185307179586,69087.2308076255
1.75,11.428571428571429,STA_CD,-0.9300587806042944,0.9650293903021472,6283.185307179586,5714.285714285714,8493.025304851459,78034.13628798582
2.0,10.0,Conventional,-0.6031279841239116,0.8015639920619557,6283.185307179586,0.0,6283.185307179586,78956.83520871485
2.0,10.0,STA_CD,-0.988254638734811,0.9941273193674055,6283.185307179586,5000.0,8029.845428422482,86785.37750403013
2.25,8.88888888888889,Conventional,-0.6460712621072112,0.8230356310536056,6283.185307179586,0.0,6283.185307179586,88826.43960980422
2.25,8.88888888888889,STA_CD,-0.9550822592090881,0.977541129604544,6283.185307179586,4444.444444444444,7696.200622652096,95785.14387230668
2.5,8.0,Conventional,-0.9703729107970671,0.9851864553985336,6283.185307179586,0.0,6283.185307179586,98696.04401089359
2.5,8.0,STA_CD,-0.9165419020541479,0.9582709510270739,6283.185307179586,4000.0,7448.383556474346,104958.8778471458
2.75,7.2727272727272725,Conventional,-0.723616306363106,0.861808153181553,6283.185307179586,0.0,6283.185307179586,108565.64841198293
2.75,7.2727272727272725,STA_CD,-0.9731813499438786,0.9865906749719393,6283.185307179586,3636.3636363636365,7259.583879274706,114259.13371766676
3.0,6.666666666666667,Conventional,-0.8304417796830627,0.9152208898415313,6283.185307179586,0.0,6283.185307179586,118435.2528130723
3.0,6.666666666666667,STA_CD,-0.9711700825808404,0.9855850412904201,6283.185307179586,3333.333333333333,7112.6316308008345,123654.28100994913
3.25,6.153846153846154,Conventional,-0.9867289731818363,0.9933644865909181,6283.185307179586,0.0,6283.185307179586,128304.85721416163
3.25,6.153846153846154,STA_CD,-0.913200067633363,0.9566000338166816,6283.185307179586,3076.923076923077,6996.132733564967,133122.4217035864
3.5,5.714285714285714,Conventional,-0.7823257338322953,0.8911628669161477,6283.185307179586,0.0,6283.185307179586,138174.461615251
3.5,5.714285714285714,STA_CD,-0.9520789805564903,0.9760394902782452,6283.185307179586,2857.142857142857,6902.295481249689,142647.91435543116
3.75,5.333333333333333,Conventional,-0.9280407801658644,0.9640203900829323,6283.185307179586,0.0,6283.185307179586,148044.06601634034
3.75,5.333333333333333,STA_CD,-0.9811763451548633,0.9905881725774317,6283.185307179586,2666.6666666666665,6825.652255679932,152219.28857384183
4.0,5.0,Conventional,-0.982138158681379,0.9910690793406896,6283.185307179586,0.0,6283.185307179586,157913.6704174297
4.0,5.0,STA_CD,-0.9200224537705188,0.9600112268852594,6283.185307179586,2500.0,6762.279024438242,161827.94156508736
4.25,4.705882352941177,Conventional,-0.8139615089156925,0.9069807544578463,6283.185307179586,0.0,6283.185307179586,167783.27481851907
4.25,4.705882352941177,STA_CD,-0.9301576452124314,0.9650788226062157,6283.185307179586,2352.9411764705883,6709.303226437767,171467.29472219688
4.5,4.444444444444445,Conventional,-0.9709670297663925,0.9854835148831962,6283.185307179586,0.0,6283.185307179586,177652.87921960844
4.5,4.444444444444445,STA_CD,-0.9816392852148702,0.9908196426074352,6283.185307179586,2222.222222222222,6664.584698936288,181132.23135085963
4.75,4.2105263157894735,Conventional,-0.9767914150258796,0.9883957075129398,6283.185307179586,0.0,6283.185307179586,187522.4836206978
4.75,4.2105263157894735,STA_CD,-0.934134077094483,0.9670670385472415,6283.185307179586,2105.2631578947367,6626.503645841172,190818.71195556736
5.0,4.0,Conventional,-0.8355111375766071,0.9177555687883036,6283.185307179586,0.0,6283.185307179586,197392.08802178717
5.0,4.0,STA_CD,-0.9127987953845533,0.9563993976922767,6283.185307179586,2000.0,6593.81661895123,200523.50493991323
5.25,3.8095238095238093,Conventional,-0.9793019923605026,0.9896509961802513,6283.185307179586,0.0,6283.185307179586,207261.69242287654
5.25,3.8095238095238093,STA_CD,-0.971813548644958,0.985906774322479,6283.185307179586,1904.7619047619046,6565.556756147161,210243.99424966332
5.5,3.6363636363636362,Conventional,-0.974958928004743,0.9874794640023715,6283.185307179586,0.0,6283.185307179586,217131.29682396585
5.5,3.6363636363636362,STA_CD,-0.9506650090313266,0.9753325045156633,6283.185307179586,1818.1818181818182,6540.963440375154,219978.03947680775
5.75,3.4782608695652173,Conventional,-0.8555375593125256,0.9277687796562628,6283.185307179586,0.0,6283.185307179586,227000.90122505522
5.75,3.4782608695652173,STA_CD,-0.9040336460565149,0.9520168230282575,6283.185307179586,1739.1304347826085,6519.43189806785,229723.87245820835
6.0,3.3333333333333335,Conventional,-0.9672702462089133,0.9836351231044567,6283.185307179586,0.0,6283.185307179586,236870.5056261446
6.0,3.3333333333333335,STA_CD,-0.953834717270564,0.976917358635282,6283.185307179586,1666.6666666666665,6500.476550387302,239480.01972458302
6.25,3.2,Conventional,-0.9741465214235562,0.987073260711778,6283.185307179586,0.0,6283.185307179586,246740.11002723395
6.25,3.2,STA_CD,-0.9641548009129755,0.9820774004564877,6283.185307179586,1599.9999999999998,6483.704003450299,249245.24356173485
6.5,3.076923076923077,Conventional,-0.8776341290601248,0.9388170645300624,6283.185307179586,0.0,6283.185307179586,256609.71442832326
6.5,3.076923076923077,STA_CD,-0.9054270991694201,0.9527135495847101,6283.185307179586,1538.4615384615386,6468.792894326025,259018.49667303567
6.75,2.962962962962963,Conventional,-0.946035749614978,0.973017874807489,6283.185307179586,0.0,6283.185307179586,266479.3188294127
6.75,2.962962962962963,STA_CD,-0.9320790090008083,0.9660395045004042,6283.185307179586,1481.4814814814815,6455.478679720814,268798.88691691344
7.0,2.857142857142857,Conventional,-0.9702614339170088,0.9851307169585044,6283.185307179586,0.0,6283.185307179586,276348.923230502
7.0,2.857142857142857,STA_CD,-0.9700932113683933,0.9850466056841967,6283.185307179586,1428.5714285714284,6443.542032988381,278585.6496005921
7.25,2.7586206896551726,Conventional,-0.9018309493195069,0.9509154746597535,6283.185307179586,0.0,6283.185307179586,286218.5276315914
7.25,2.7586206896551726,STA_CD,-0.9156738102718807,0.9578369051359403,6283.185307179586,1379.310344827586,6432.799906083339,288378.12550616113
7.5,2.6666666666666665,Conventional,-0.9244897068340444,0.9622448534170223,6283.185307179586,0.0,6283.185307179586,296088.1320326807
7.5,2.6666666666666665,STA_CD,-0.9119068642083842,0.955953432104192,6283.185307179586,1333.3333333333333,6423.098581069358,298175.74331143143
7.75,2.5806451612903225,Conventional,-0.9604840905991268,0.9802420452995634,6283.185307179586,0.0,6283.185307179586,305957.73643377004
7.75,2.5806451612903225,STA_CD,-0.9661665131751134,0.9830832565875567,6283.185307179586,1290.3225806451612,6414.3082219737635,307978.0054132063
8.0,2.5,Conventional,-0.9256279391071335,0.9628139695535667,6283.185307179586,0.0,6283.185307179586,315827.3408348594
8.0,2.5,STA_CD,-0.931007419522069,0.9655037097610345,6283.185307179586,1250.0,6406.31856875362,317784.47640868824
8.25,2.4242424242424243,Conventional,-0.9090337149151138,0.9545168574575569,6283.185307179586,0.0,6283.185307179586,325696.9452359488
8.25,2.4242424242424243,STA_CD,-0.8981504413445845,0.9490752206722923,6283.185307179586,1212.121212121212,6399.035508358398,327594.77367117675
8.5,2.3529411764705883,Conventional,-0.944539454226579,0.9722697271132895,6283.185307179586,0.0,6283.185307179586,335566.54963703814
8.5,2.3529411764705883,STA_CD,-0.9528673193225072,0.9764336596612536,6283.185307179586,1176.4705882352941,6392.3783249538765,337408.559588877
8.75,2.2857142857142856,Conventional,-0.9452205724778232,0.9726102862389117,6283.185307179586,0.0,6283.185307179586,345436.1540381276
8.75,2.2857142857142856,STA_CD,-0.9462942661329493,0.9731471330664747,6283.185307179586,1142.857142857143,6386.277480139508,347225.53513419954
9.0,2.2222222222222223,Conventional,-0.9031024637867213,0.9515512318933607,6283.185307179586,0.0,6283.185307179586,355305.7584392169
9.0,2.2222222222222223,STA_CD,-0.8937720448136152,0.9468860224068076,6283.185307179586,1111.111111111111,6380.672809789889,357045.43450484244
9.25,2.1621621621621623,Conventional,-0.9247370119385638,0.9623685059692819,6283.185307179586,0.0,6283.185307179586,365175.36284030625
9.25,2.1621621621621623,STA_CD,-0.9333087893490372,0.9666543946745185,6283.185307179586,1081.081081081081,6375.512050669253,366868.02063388785
9.5,2.1052631578947367,Conventional,-0.9569018076922263,0.9784509038461131,6283.185307179586,0.0,6283.185307179586,375044.9672413956
9.5,2.1052631578947367,STA_CD,-0.9564934023098544,0.9782467011549272,6283.185307179586,1052.6315789473683,6370.749629780993,376693.08140883036
9.75,2.051282051282051,Conventional,-0.9069487758809858,0.9534743879404929,6283.185307179586,0.0,6283.185307179586,384914.571642485
9.75,2.051282051282051,STA_CD,-0.8990663477481599,0.94953317387408,6283.185307179586,1025.6410256410256,6366.345664338012,386520.4264722932
10.0,2.0,Conventional,-0.905114245905696,0.952557122952848,6283.185307179586,0.0,6283.185307179586,394784.17604357435
10.0,2.0,STA_CD,-0.9123087373347478,0.9561543686673739,6283.185307179586,1000.0,6362.265131567328,396349.8845026373
10.25,1.951219512195122,Conventional,-0.9583571837926648,0.9791785918963324,6283.185307179586,0.0,6283.185307179586,404653.78044466366
10.25,1.951219512195122,STA_CD,-0.9580675534976979,0.979033776748849,6283.185307179586,975.6097560975609,6358.477176223107,406181.30089253007
10.5,1.9047619047619047,Conventional,-0.9179791215009587,0.9589895607504794,6283.185307179586,0.0,6283.185307179586,414523.3848457531
10.5,1.9047619047619047,STA_CD,-0.9116212628046405,0.9558106314023203,6283.185307179586,952.3809523809523,6354.95453034996,416014.53575914644
10.75,1.8604651162790697,Conventional,-0.8900802685801508,0.9450401342900754,6283.185307179586,0.0,6283.185307179586,424392.98924684233
10.75,1.8604651162790697,STA_CD,-0.8950120479478619,0.947506023973931,6283.185307179586,930.232558139535,6351.6730250053215,425849.4622320173
11.0,1.8181818181818181,Conventional,-0.9495201720341618,0.9747600860170809,6283.185307179586,0.0,6283.185307179586,434262.5936479317
11.0,1.8181818181818181,STA_CD,-0.9499503800374753,0.9749751900187377,6283.185307179586,909.0909090909091,6348.611177678876,435685.9649743526
11.25,1.7777777777777777,Conventional,-0.9316819365295068,0.9658409682647534,6283.185307179586,0.0,6283.185307179586,444132.19804902107
11.25,1.7777777777777777,STA_CD,-0.9270365175721216,0.9635182587860608,6283.185307179586,888.8888888888889,6345.7498423076495,445523.9389015215
11.5,1.7391304347826086,Conventional,-0.8830015141672649,0.9415007570836325,6283.185307179586,0.0,6283.185307179586,454001.80245011044
11.5,1.7391304347826086,STA_CD,-0.8854444568443208,0.9427222284221604,6283.185307179586,869.5652173913043,6343.07191127881,455363.28806668706
11.75,1.702127659574468,Conventional,-0.9327553844514405,0.9663776922257202,6283.185307179586,0.0,6283.185307179586,463871.4068511998
11.75,1.702127659574468,STA_CD,-0.9338062061408785,0.9669031030704393,6283.185307179586,851.063829787234,6340.562060790001,465203.92468870024
12.0,1.6666666666666667,Conventional,-0.9429710432956901,0.9714855216478451,6283.185307179586,0.0,6283.185307179586,473741.0112522892
12.0,1.6666666666666667,STA_CD,-0.9401868508834966,0.9700934254417484,6283.185307179586,833.3333333333333,6338.2065325139,475045.7683015084
12.25,1.6326530612244898,Conventional,-0.8851406418241469,0.9425703209120735,6283.185307179586,0.0,6283.185307179586,483610.61565337854
12.25,1.6326530612244898,STA_CD,-0.8854034916183765,0.9427017458091882,6283.185307179586,816.3265306122448,6335.992945777232,484888.74500771577
12.5,1.6,Conventional,-0.9123234993677063,0.9561617496838531,6283.185307179586,0.0,6283.185307179586,493480.2200544679
12.5,1.6,STA_CD,-0.9135208624115223,0.9567604312057612,6283.185307179586,799.9999999999999,6333.91013548167,494732.7868217183
12.75,1.5686274509803921,Conventional,-0.9476181359212176,0.9738090679606088,6283.185307179586,0.0,6283.185307179586,503349.8244555571
12.75,1.5686274509803921,STA_CD,-0.9466676521494579,0.973333826074729,6283.185307179586,784.3137254901961,6331.948011816722,504577.8310901164
13.0,1.5384615384615385,Conventional,-0.8952385542335314,0.9476192771167657,6283.185307179586,0.0,6283.185307179586,513219.4288566465
13.0,1.5384615384615385,STA_CD,-0.8939913983526995,0.9469956991763497,6283.185307179586,769.2307692307693,6330.097438482981,514423.81997900276
13.25,1.509433962264151,Conventional,-0.893285653201042,0.946642826600521,6283.185307179586,0.0,6283.185307179586,523089.0332577359
13.25,1.509433962264151,STA_CD,-0.8940786076797071,0.9470393038398536,6283.185307179586,754.7169811320755,6328.350126689147,524270.70001929294
13.5,1.4814814814814814,Conventional,-0.9434048023267616,0.9717024011633808,6283.185307179586,0.0,6283.185307179586,532958.6376588254
13.5,1.4814814814814814,STA_CD,-0.9440155658971014,0.9720077829485507,6283.185307179586,740.7407407407408,6326.698542632687,534118.4217025756
13.75,1.4545454545454546,Conventional,-0.9098401682352758,0.954920084117638,6283.185307179586,0.0,6283.185307179586,542828.2420599146
13.75,1.4545454545454546,STA_CD,-0.9079102619774491,0.9539551309887245,6283.185307179586,727.2727272727273,6325.135826540972,543966.9391210515
14.0,1.4285714285714286,Conventional,-0.8801633286531759,0.9400816643265879,6283.185307179586,0.0,6283.185307179586,552697.846461004
14.0,1.4285714285714286,STA_CD,-0.8801494860467093,0.9400747430233547,6283.185307179586,714.2857142857142,6323.655721652633,553816.2096460491
14.25,1.4035087719298245,Conventional,-0.9306928631167458,0.9653464315583729,6283.185307179586,0.0,6283.185307179586,562567.4508620934
14.25,1.4035087719298245,STA_CD,-0.9323660964682371,0.9661830482341185,6283.185307179586,701.7543859649122,6322.252511769711,563666.1936403832
14.5,1.3793103448275863,Conventional,-0.9242546398462232,0.9621273199231116,6283.185307179586,0.0,6283.185307179586,572437.0552631828
14.5,1.3793103448275863,STA_CD,-0.9224242680445408,0.9612121340222703,6283.185307179586,689.655172413793,6320.920966219601,573516.8542004677
14.75,1.3559322033898304,Conventional,-0.8757366888833493,0.9378683444416747,6283.185307179586,0.0,6283.185307179586,582306.659664272
14.75,1.3559322033898304,STA_CD,-0.87478729898737,0.937393649493685,6283.185307179586,677.9661016949152,6319.656291239645,583368.1569246538
15.0,1.3333333333333333,Conventional,-0.9122690270147846,0.9561345135073923,6283.185307179586,0.0,6283.185307179586,592176.2640653613
15.0,1.3333333333333333,STA_CD,-0.9143732598719185,0.9571866299359593,6283.185307179586,666.6666666666666,6318.454086942618,593220.0697047368
15.25,1.3114754098360655,Conventional,-0.9338659470145938,0.9669329735072969,6283.185307179586,0.0,6283.185307179586,602045.8684664508
15.25,1.3114754098360655,STA_CD,-0.9327088865761989,0.9663544432880995,6283.185307179586,655.7377049180327,6317.31030914333,603072.5625379675
15.5,1.2903225806451613,Conventional,-0.8803218990029033,0.9401609495014516,6283.185307179586,0.0,6283.185307179586,611915.4728675401
15.5,1.2903225806451613,STA_CD,-0.8786009311287233,0.9393004655643616,6283.185307179586,645.1612903225806,6316.221235429307,612925.6073572582
15.75,1.2698412698412698,Conventional,-0.8925192287862811,0.9462596143931405,6283.185307179586,0.0,6283.185307179586,621785.0772686293
15.75,1.2698412698412698,STA_CD,-0.894425697740607,0.9472128488703035,6283.185307179586,634.9206349206349,6315.1834349451365,622779.1778775584
16.0,1.25,Conventional,-0.9354170700477559,0.9677085350238779,6283.185307179586,0.0,6283.185307179586,631654.6816697188
16.0,1.25,STA_CD,-0.935203019196146,0.967601509598073,6283.185307179586,625.0,6314.193741433456,632633.2494566332
16.25,1.2307692307692308,Conventional,-0.891729714385336,0.945864857192668,6283.185307179586,0.0,6283.185307179586,641524.2860708083
16.25,1.2307692307692308,STA_CD,-0.8896233872457734,0.9448116936228868,6283.185307179586,615.3846153846154,6313.249229137838,642487.7989686932
16.5,1.2121212121212122,Conventional,-0.8761719535051689,0.9380859767525844,6283.185307179586,0.0,6283.185307179586,651393.8904718976
16.5,1.2121212121212122,STA_CD,-0.8773900300464587,0.9386950150232294,6283.185307179586,606.060606060606,6312.347191225779,652342.8046895115
16.75,1.1940298507462686,Conventional,-0.9279047854451579,0.9639523927225789,6283.185307179586,0.0,6283.185307179586,661263.4948729869
16.75,1.1940298507462686,STA_CD,-0.928585558061457,0.9642927790307285,6283.185307179586,597.0149253731344,6311.485120435263,662198.2461918306
17.0,1.1764705882352942,Conventional,-0.9059137954034343,0.9529568977017171,6283.185307179586,0.0,6283.185307179586,671133.0992740763
17.0,1.1764705882352942,STA_CD,-0.9039039513984267,0.9519519756992134,6283.185307179586,588.2352941176471,6310.660691686973,672054.1042499957
17.25,1.1594202898550725,Conventional,-0.8669661314790783,0.9334830657395392,6283.185307179586,0.0,6283.185307179586,681002.7036751658
17.25,1.1594202898550725,STA_CD,-0.8672408208893473,0.9336204104446737,6283.185307179586,579.7101449275362,6309.8717464374295,681910.3607528834
17.5,1.1428571428571428,Conventional,-0.9128369153711935,0.9564184576855967,6283.185307179586,0.0,6283.185307179586,690872.3080762553
17.5,1.1428571428571428,STA_CD,-0.9141090778730482,0.9570545389365241,6283.185307179586,571.4285714285714,6309.116278576765,691766.998624291
17.75,1.1267605633802817,Conventional,-0.9181231482757138,0.959061574137857,6283.185307179586,0.0,6283.185307179586,700741.9124773443
17.75,1.1267605633802817,STA_CD,-0.9166460398602653,0.9583230199301327,6283.185307179586,563.3802816901409,6308.392421699422,701624.0017500559
18.0,1.1111111111111112,Conventional,-0.8666154430144092,0.9333077215072045,6283.185307179586,0.0,6283.185307179586,710611.5168784338
18.0,1.1111111111111112,STA_CD,-0.8659624585870954,0.9329812292935478,6283.185307179586,555.5555555555555,6307.698437597193,711481.3549112466
18.25,1.095890410958904,Conventional,-0.8937863228496626,0.9468931614248313,6283.185307179586,0.0,6283.185307179586,720481.121279523
18.25,1.095890410958904,STA_CD,-0.8952076646020198,0.9476038323010099,6283.185307179586,547.945205479452,6307.032705842372,721339.0437228453
18.5,1.0810810810810811,Conventional,-0.9242333753296795,0.9621166876648397,6283.185307179586,0.0,6283.185307179586,730350.7256806125
18.5,1.0810810810810811,STA_CD,-0.9235634299198505,0.9617817149599253,6283.185307179586,540.5405405405405,6306.3937143446165,731197.0545774032
18.75,1.0666666666666667,Conventional,-0.8743533681027542,0.9371766840513771,6283.185307179586,0.0,6283.185307179586,740220.3300817019
18.75,1.0666666666666667,STA_CD,-0.8730259107242143,0.9365129553621072,6283.185307179586,533.3333333333334,6305.780050778958,741055.374593202
19.0,1.0526315789473684,Conventional,-0.8753741324698295,0.9376870662349148,6283.185307179586,0.0,6283.185307179586,750089.9344827912
19.0,1.0526315789473684,STA_CD,-0.8765004108762177,0.9382502054381088,6283.185307179586,526.3157894736842,6305.190394794335,750913.9915665085
19.25,1.0389610389610389,Conventional,-0.9218846139112209,0.9609423069556104,6283.185307179586,0.0,6283.185307179586,759959.5388838807
19.25,1.0389610389610389,STA_CD,-0.922071707116629,0.9610358535583146,6283.185307179586,519.4805194805194,6304.6235109225345,760772.8939275496
19.5,1.0256410256410255,Conventional,-0.8871775992881117,0.9435887996440558,6283.185307179586,0.0,6283.185307179586,769829.14328497
19.5,1.0256410256410255,STA_CD,-0.885577502089546,0.942788751044773,6283.185307179586,512.8205128205128,6304.078242116521,770632.0706998741
19.75,1.0126582278481013,Conventional,-0.8619729890035548,0.9309864945017774,6283.185307179586,0.0,6283.185307179586,779698.7476860592
19.75,1.0126582278481013,STA_CD,-0.8624793047568804,0.9312396523784402,6283.185307179586,506.3291139240506,6303.553503855151,780491.5114628
20.0,1.0,Conventional,-0.9111121158731281,0.9555560579365641,6283.185307179586,0.0,6283.185307179586,789568.3520871487
20.0,1.0,STA_CD,-0.9119840924920856,0.9559920462460427,6283.185307179586,500.0,6303.048278758257,790351.2063166802
