off_resonance_kHz,pulse,final_Mz,inversion_fidelity
-5.0,Conventional,0.30035494382313327,0.3498225280884334
-5.0,STA_CD,0.3029858521089497,0.34850707394552516
-4.95,Conventional,0.30947678918966326,0.34526160540516837
-4.95,STA_CD,0.3101944719392639,0.344902764030368
-4.9,Conventional,0.32795905205125025,0.33602047397437484
-4.9,STA_CD,0.3295514826748192,0.3352242586625904
-4.85,Conventional,0.3390514355516624,0.3304742822241688
-4.85,STA_CD,0.34456038160274727,0.32771980919862637
-4.8,Conventional,0.3275819308054604,0.3362090345972698
-4.8,STA_CD,0.3392916941471676,0.33035415292641623
-4.75,Conventional,0.28493909159517006,0.35753045420241497
-4.75,STA_CD,0.30356431082448543,0.3482178445877573
-4.7,Conventional,0.2119611814171796,0.3940194092914102
-4.7,STA_CD,0.23630832713419925,0.3818458364329004
-4.65,Conventional,0.11876868375378366,0.44061565812310816
-4.65,STA_CD,0.14599499782752487,0.42700250108623755
-4.6,Conventional,0.021582991990730178,0.4892085040046349
-4.6,STA_CD,0.047981880856606554,0.4760090595716967
-4.55,Conventional,-0.06243412473259653,0.5312170623662983
-4.55,STA_CD,-0.04036605406926222,0.5201830270346312
-4.5,Conventional,-0.12063856041356448,0.5603192802067822
-4.5,STA_CD,-0.10519207875231713,0.5525960393761585
-4.45,Conventional,-0.14888829193854722,0.5744441459692736
-4.45,STA_CD,-0.1405118215969176,0.5702559107984588
-4.4,Conventional,-0.1527767322450339,0.576388366122517
-4.4,STA_CD,-0.1500246941054495,0.5750123470527247
-4.35,Conventional,-0.14574528335681936,0.5728726416784097
-4.35,STA_CD,-0.14581359870603694,0.5729067993530185
-4.3,Conventional,-0.14472249933681,0.572361249668405
-4.3,STA_CD,-0.14438851141066603,0.572194255705333
-4.25,Conventional,-0.1647272782595425,0.5823636391297713
-4.25,STA_CD,-0.1613809856331256,0.5806904928165628
-4.2,Conventional,-0.2141806465380646,0.6070903232690323
-4.2,STA_CD,-0.20660846646492254,0.6033042332324613
-4.15,Conventional,-0.2924037801474086,0.6462018900737043
-4.15,STA_CD,-0.2810730736651678,0.6405365368325839
-4.1,Conventional,-0.3900392864699015,0.6950196432349507
-4.1,STA_CD,-0.3768017162631484,0.6884008581315741
-4.05,Conventional,-0.4921727038071575,0.7460863519035787
-4.05,STA_CD,-0.47949969488136834,0.7397498474406842
-4.0,Conventional,-0.5830716146581317,0.7915358073290659
-4.0,STA_CD,-0.573090234449726,0.786545117224863
-3.95,Conventional,-0.6509784858442816,0.8254892429221408
-3.95,STA_CD,-0.644639527416301,0.8223197637081505
-3.9,Conventional,-0.6914351081411426,0.8457175540705713
-3.9,STA_CD,-0.6880969048457108,0.8440484524228554
-3.8499999999999996,Conventional,-0.7081492985258944,0.8540746492629472
-3.8499999999999996,STA_CD,-0.7057183961602307,0.8528591980801153
-3.8,Conventional,-0.7112460943140002,0.8556230471570001
-3.8,STA_CD,-0.7068282554535128,0.8534141277267564
-3.75,Conventional,-0.7135928538953216,0.8567964269476608
-3.75,STA_CD,-0.7044382889458981,0.852219144472949
-3.7,Conventional,-0.7264735219016648,0.8632367609508325
-3.7,STA_CD,-0.7109049447958953,0.8554524723979476
-3.65,Conventional,-0.7560323708032707,0.8780161854016353
-3.65,STA_CD,-0.734053796547334,0.8670268982736671
-3.5999999999999996,Conventional,-0.8015850397565979,0.9007925198782989
-3.5999999999999996,STA_CD,-0.7749779450302067,0.8874889725151034
-3.55,Conventional,-0.8562326346466308,0.9281163173233153
-3.55,STA_CD,-0.8281159101516855,0.9140579550758428
-3.5,Conventional,-0.909446225722566,0.954723112861283
-3.5,STA_CD,-0.8834495556922706,0.9417247778461353
-3.45,Conventional,-0.9506705373159903,0.9753352686579951
-3.45,STA_CD,-0.9299901650160528,0.9649950825080265
-3.4,Conventional,-0.972720487247665,0.9863602436238326
-3.4,STA_CD,-0.9593540983714658,0.979677049185733
-3.3499999999999996,Conventional,-0.9738827864495009,0.9869413932247504
-3.3499999999999996,STA_CD,-0.9682704349293201,0.98413521746466
-3.3,Conventional,-0.9581177931540463,0.9790588965770232
-3.3,STA_CD,-0.9592749980815992,0.9796374990407997
-3.25,Conventional,-0.9334064048714716,0.9667032024357358
-3.25,STA_CD,-0.9394729142127174,0.9697364571063587
-3.2,Conventional,-0.9088817591521579,0.9544408795760789
-3.2,STA_CD,-0.9178793991696075,0.9589396995848037
-3.15,Conventional,-0.8917368677288402,0.9458684338644201
-3.15,STA_CD,-0.9022735873216805,0.9511367936608403
-3.0999999999999996,Conventional,-0.8849101491433784,0.9424550745716892
-3.0999999999999996,STA_CD,-0.896599639215661,0.9482998196078305
-3.05,Conventional,-0.8862417619124069,0.9431208809562035
-3.05,STA_CD,-0.8997135918694255,0.9498567959347127
-3.0,Conventional,-0.8892873442734336,0.9446436721367168
-3.0,STA_CD,-0.9058026808755987,0.9529013404377993
-2.9499999999999997,Conventional,-0.8854488713269864,0.9427244356634932
-2.9499999999999997,STA_CD,-0.9062636243681571,0.9531318121840786
-2.9,Conventional,-0.866703264260082,0.933351632130041
-2.9,STA_CD,-0.8923934761499878,0.9461967380749938
-2.85,Conventional,-0.8280840795844334,0.9140420397922167
-2.85,STA_CD,-0.8580476349898613,0.9290238174949306
-2.8,Conventional,-0.7692147962965558,0.8846073981482778
-2.8,STA_CD,-0.8014950122939041,0.9007475061469521
-2.75,Conventional,-0.6945316434984303,0.8472658217492152
-2.75,STA_CD,-0.7259998782609491,0.8629999391304746
-2.6999999999999997,Conventional,-0.6122430481324072,0.8061215240662036
-2.6999999999999997,STA_CD,-0.6390677467813244,0.8195338733906622
-2.65,Conventional,-0.5324182355231404,0.7662091177615702
-2.65,STA_CD,-0.5506721097834699,0.775336054891735
-2.5999999999999996,Conventional,-0.46478339618024256,0.7323916980901213
-2.5999999999999996,STA_CD,-0.4710189230319965,0.7355094615159983
-2.55,Conventional,-0.4167982521492357,0.7083991260746179
-2.55,STA_CD,-0.4084540601753357,0.7042270300876678
-2.5,Conventional,-0.392422379752267,0.6962111898761335
-2.5,STA_CD,-0.36799090120228845,0.6839954506011442
-2.4499999999999997,Conventional,-0.3917371711338907,0.6958685855669453
-2.4499999999999997,STA_CD,-0.3506992481288422,0.6753496240644211
-2.4,Conventional,-0.4113545861930913,0.7056772930965456
-2.4,STA_CD,-0.3539434980265642,0.676971749013282
-2.3499999999999996,Conventional,-0.44538520756986855,0.7226926037849343
-2.3499999999999996,STA_CD,-0.37226614274517134,0.6861330713725857
-2.3,Conventional,-0.48668205796505115,0.7433410289825255
-2.3,STA_CD,-0.3986241489004269,0.6993120744502135
-2.25,Conventional,-0.5281076700444587,0.7640538350222293
-2.25,STA_CD,-0.42569806030322105,0.7128490301516105
-2.1999999999999997,Conventional,-0.5636476048430437,0.7818238024215218
-2.1999999999999997,STA_CD,-0.4470696595514949,0.7235348297757475
-2.15,Conventional,-0.5892678629152284,0.7946339314576142
-2.15,STA_CD,-0.45815356907468907,0.7290767845373445
-2.0999999999999996,Conventional,-0.6034574417216171,0.8017287208608086
-2.0999999999999996,STA_CD,-0.45683122630140544,0.7284156131507027
-2.05,Conventional,-0.6074089115278738,0.8037044557639369
-2.05,STA_CD,-0.44375772244068246,0.7218788612203413
-2.0,Conventional,-0.6047909094830406,0.8023954547415203
-2.0,STA_CD,-0.4223062229832342,0.7111531114916171
-1.9499999999999997,Conventional,-0.6010869163312422,0.8005434581656211
-1.9499999999999997,STA_CD,-0.398111272369643,0.6990556361848215
-1.9,Conventional,-0.6025346094230332,0.8012673047115166
-1.9,STA_CD,-0.3782005721555242,0.6891002860777621
-1.8499999999999996,Conventional,-0.6147962164834568,0.8073981082417284
-1.8499999999999996,STA_CD,-0.3697765877359468,0.6848882938679735
-1.7999999999999998,Conventional,-0.6415941115487852,0.8207970557743927
-1.7999999999999998,STA_CD,-0.3788106294339985,0.6894053147169993
-1.75,Conventional,-0.6836140873377521,0.841807043668876
-1.75,STA_CD,-0.40870707042749466,0.7043535352137473
-1.6999999999999997,Conventional,-0.7379717381013886,0.8689858690506943
-1.6999999999999997,STA_CD,-0.4593408227829972,0.7296704113914986
-1.65,Conventional,-0.7984381170469653,0.8992190585234827
-1.65,STA_CD,-0.5267350789007005,0.7633675394503503
-1.5999999999999996,Conventional,-0.8564454740633217,0.9282227370316609
-1.5999999999999996,STA_CD,-0.6035232340506351,0.8017616170253176
-1.5499999999999998,Conventional,-0.9026896602238433,0.9513448301119216
-1.5499999999999998,STA_CD,-0.6801554302671605,0.8400777151335803
-1.5,Conventional,-0.928975970361886,0.9644879851809429
-1.5,STA_CD,-0.746617855384487,0.8733089276922434
-1.4499999999999997,Conventional,-0.9298767101375143,0.9649383550687571
-1.4499999999999997,STA_CD,-0.7942911606977534,0.8971455803488767
-1.4,Conventional,-0.9038109925972856,0.9519054962986429
-1.4,STA_CD,-0.8175294990544896,0.9087647495272448
-1.3499999999999996,Conventional,-0.8533102266948278,0.9266551133474139
-1.3499999999999996,STA_CD,-0.8146103760893976,0.9073051880446987
-1.2999999999999998,Conventional,-0.7844495713849535,0.8922247856924768
-1.2999999999999998,STA_CD,-0.7878683477928209,0.8939341738964104
-1.25,Conventional,-0.7056384327125447,0.8528192163562723
-1.25,STA_CD,-0.7430335049186094,0.8715167524593047
-1.1999999999999997,Conventional,-0.626106696179984,0.813053348089992
-1.1999999999999997,STA_CD,-0.6879865861576647,0.8439932930788323
-1.15,Conventional,-0.5544578686581559,0.7772289343290779
-1.15,STA_CD,-0.6312622137567379,0.8156311068783689
-1.0999999999999996,Conventional,-0.4975840613103787,0.7487920306551894
-1.0999999999999996,STA_CD,-0.5806511860958466,0.7903255930479234
-1.0499999999999998,Conventional,-0.460086487290854,0.7300432436454269
-1.0499999999999998,STA_CD,-0.5421762965367335,0.7710881482683667
-1.0,Conventional,-0.444177322156129,0.7220886610780645
-1.0,STA_CD,-0.5195775661151377,0.7597887830575689
-0.9500000000000002,Conventional,-0.44991325786929515,0.7249566289346476
-0.9500000000000002,STA_CD,-0.5142916327887298,0.757145816394365
-0.8999999999999995,Conventional,-0.4755656967036693,0.7377828483518347
-0.8999999999999995,STA_CD,-0.5257936783711367,0.7628968391855684
-0.8499999999999996,Conventional,-0.517971444297424,0.758985722148712
-0.8499999999999996,STA_CD,-0.5521181030377847,0.7760590515188923
-0.7999999999999998,Conventional,-0.5728022421427463,0.7864011210713732
-0.7999999999999998,STA_CD,-0.5903897660629666,0.7951948830314832
-0.75,Conventional,-0.6347932797931071,0.8173966398965535
-0.75,STA_CD,-0.6372609147122026,0.8186304573561013
-0.7000000000000002,Conventional,-0.6980325612249496,0.8490162806124748
-0.7000000000000002,STA_CD,-0.6892265606642324,0.8446132803321162
-0.6499999999999995,Conventional,-0.7564073644738639,0.8782036822369319
-0.6499999999999995,STA_CD,-0.742850571516057,0.8714252857580285
-0.5999999999999996,Conventional,-0.8042343348565141,0.9021171674282571
-0.5999999999999996,STA_CD,-0.7949567305353751,0.8974783652676875
-0.5499999999999998,Conventional,-0.8369977690715389,0.9184988845357694
-0.5499999999999998,STA_CD,-0.8428228234777798,0.9214114117388899
-0.5,Conventional,-0.8520329534992563,0.9260164767496282
-0.5,STA_CD,-0.8843772619236928,0.9421886309618464
-0.4500000000000002,Conventional,-0.848959794786201,0.9244798973931005
-0.4500000000000002,STA_CD,-0.9183603684035845,0.9591801842017922
-0.39999999999999947,Conventional,-0.8297158627905339,0.9148579313952669
-0.39999999999999947,STA_CD,-0.944396518816209,0.9721982594081044
-0.34999999999999964,Conventional,-0.7981459671658906,0.8990729835829453
-0.34999999999999964,STA_CD,-0.9629372416241638,0.981468620812082
-0.2999999999999998,Conventional,-0.759239282605886,0.879619641302943
-0.2999999999999998,STA_CD,-0.9750728091771177,0.9875364045885588
-0.25,Conventional,-0.7182146240804202,0.8591073120402102
-0.25,STA_CD,-0.9822535392568658,0.9911267696284329
-0.1999999999999993,Conventional,-0.6796974229706326,0.8398487114853164
-0.1999999999999993,STA_CD,-0.9859920227172246,0.9929960113586123
-0.14999999999999947,Conventional,-0.6471907602413557,0.8235953801206779
-0.14999999999999947,STA_CD,-0.9876202881647469,0.9938101440823734
-0.09999999999999964,Conventional,-0.6229320793050157,0.8114660396525079
-0.09999999999999964,STA_CD,-0.988150302882204,0.9940751514411019
-0.04999999999999982,Conventional,-0.6080883612259957,0.8040441806129979
-0.04999999999999982,STA_CD,-0.9882435730447813,0.9941217865223906
0.0,Conventional,-0.6031279841239116,0.8015639920619557
0.0,STA_CD,-0.988254638734811,0.9941273193674055
0.05000000000000071,Conventional,-0.6081602761092393,0.8040801380546196
0.05000000000000071,STA_CD,-0.988291577328559,0.9941457886642795
0.10000000000000053,Conventional,-0.6230709071294575,0.8115354535647288
0.10000000000000053,STA_CD,-0.9882429847146211,0.9941214923573105
0.15000000000000036,Conventional,-0.6473870505635497,0.8236935252817749
0.15000000000000036,STA_CD,-0.987751419147524,0.993875709573762
0.20000000000000018,Conventional,-0.6799383152312113,0.8399691576156056
0.20000000000000018,STA_CD,-0.986153268315355,0.9930766341576776
0.25,Conventional,-0.7184852424473044,0.8592426212236521
0.25,STA_CD,-0.9824355226414095,0.9912177613207047
0.3000000000000007,Conventional,-0.7595243194848397,0.8797621597424199
0.3000000000000007,STA_CD,-0.9752663077441643,0.9876331538720822
0.35000000000000053,Conventional,-0.7984312697016623,0.8992156348508311
0.35000000000000053,STA_CD,-0.9631343644244337,0.9815671822122168
0.40000000000000036,Conventional,-0.8299898432263431,0.9149949216131715
0.40000000000000036,STA_CD,-0.9445917166170447,0.9722958583085224
0.4500000000000002,Conventional,-0.849214513078212,0.924607256539106
0.4500000000000002,STA_CD,-0.9185511498401648,0.9592755749200824
0.5,Conventional,-0.8522647642039722,0.9261323821019861
0.5,STA_CD,-0.8845645259434036,0.9422822629717018
0.5500000000000007,Conventional,-0.8372074769463949,0.9186037384731974
0.5500000000000007,STA_CD,-0.8430107670488786,0.9215053835244393
0.6000000000000005,Conventional,-0.804426861020271,0.9022134305101355
0.6000000000000005,STA_CD,-0.7951523431373178,0.8975761715686589
0.6500000000000004,Conventional,-0.7565909791623245,0.8782954895811623
0.6500000000000004,STA_CD,-0.7430627818604498,0.8715313909302249
0.7000000000000002,Conventional,-0.6982177878369956,0.8491088939184979
0.7000000000000002,STA_CD,-0.6894651460741722,0.844732573037086
0.75,Conventional,-0.6349916119082748,0.8174958059541374
0.75,STA_CD,-0.6375353188299441,0.818767659414972
0.8000000000000007,Conventional,-0.5730248381297627,0.7865124190648813
0.8000000000000007,STA_CD,-0.5907079841059375,0.7953539920529688
0.8500000000000005,Conventional,-0.5182279664324145,0.7591139832162073
0.8500000000000005,STA_CD,-0.5524857899265874,0.7762428949632937
0.9000000000000004,Conventional,-0.4758634440640162,0.7379317220320081
0.9000000000000004,STA_CD,-0.5262136035441665,0.7631068017720832
0.9500000000000002,Conventional,-0.45025670140035956,0.7251283507001798
0.9500000000000002,STA_CD,-0.5147635582671362,0.7573817791335681
1.0,Conventional,-0.4445680907566931,0.7222840453783466
1.0,STA_CD,-0.5200985569117834,0.7600492784558917
1.0500000000000007,Conventional,-0.4605237835917132,0.7302618917958565
1.0500000000000007,STA_CD,-0.5427414050074219,0.7713707025037109
1.1000000000000005,Conventional,-0.4980654134591721,0.7490327067295861
1.1000000000000005,STA_CD,-0.581254387925001,0.7906271939625005
1.1500000000000004,Conventional,-0.5549800660432916,0.7774900330216459
1.1500000000000004,STA_CD,-0.6318974284609516,0.8159487142304758
1.2000000000000002,Conventional,-0.6266667227168582,0.813333361358429
1.2000000000000002,STA_CD,-0.6886485970746463,0.8443242985373232
1.25,Conventional,-0.7062342100470062,0.8531171050235031
1.25,STA_CD,-0.7437186128360804,0.8718593064180402
1.3000000000000007,Conventional,-0.7850803590953047,0.8925401795476524
1.3000000000000007,STA_CD,-0.788574635836511,0.8942873179182556
1.3500000000000005,Conventional,-0.8539765924046017,0.9269882962023008
1.3500000000000005,STA_CD,-0.8153375381474831,0.9076687690737415
1.4000000000000004,Conventional,-0.9045143503008846,0.9522571751504423
1.4000000000000004,STA_CD,-0.8182782650155579,0.9091391325077789
1.4500000000000002,Conventional,-0.9306185132460056,0.9653092566230028
1.4500000000000002,STA_CD,-0.7950624316229875,0.8975312158114938
1.5,Conventional,-0.9297567211490443,0.9648783605745221
1.5,STA_CD,-0.7474117212864791,0.8737058606432395
1.5500000000000007,Conventional,-0.9035079425350009,0.9517539712675005
1.5500000000000007,STA_CD,-0.6809702726032817,0.8404851363016408
1.6000000000000005,Conventional,-0.8572972233485384,0.9286486116742692
1.6000000000000005,STA_CD,-0.6043551083857659,0.802177554192883
1.6500000000000004,Conventional,-0.7993163079669374,0.8996581539834687
1.6500000000000004,STA_CD,-0.5275775292785941,0.7637887646392971
1.7000000000000002,Conventional,-0.738866600930116,0.8694333004650581
1.7000000000000002,STA_CD,-0.4601852070866988,0.7300926035433494
1.75,Conventional,-0.6845138713778874,0.8422569356889438
1.75,STA_CD,-0.40954338582344135,0.7047716929117207
1.8000000000000007,Conventional,-0.6424863138378543,0.8212431569189271
1.8000000000000007,STA_CD,-0.37962873447799567,0.6898143672389978
1.8500000000000005,Conventional,-0.6156691034916023,0.8078345517458012
1.8500000000000005,STA_CD,-0.37056763905963697,0.6852838195298185
1.9000000000000004,Conventional,-0.6033787965049056,0.8016893982524528
1.9000000000000004,STA_CD,-0.3789584420412915,0.6894792210206457
1.9500000000000002,Conventional,-0.6018967425555555,0.8009483712777777
1.9500000000000002,STA_CD,-0.3988337008757649,0.6994168504378825
2.0,Conventional,-0.6055653661495588,0.8027826830747794
2.0,STA_CD,-0.4229954876665898,0.7114977438332949
2.0500000000000007,Conventional,-0.6081519454917641,0.804075972745882
2.0500000000000007,STA_CD,-0.44442068071624713,0.7222103403581236
2.1000000000000005,Conventional,-0.6041775558079654,0.8020887779039827
2.1000000000000005,STA_CD,-0.4574786885527526,0.7287393442763763
2.1500000000000004,Conventional,-0.5899770556728386,0.7949885278364193
2.1500000000000004,STA_CD,-0.45879907955433274,0.7293995397771664
2.2,Conventional,-0.5643598146730727,0.7821799073365363
2.2,STA_CD,-0.4477278760810096,0.7238639380405048
2.25,Conventional,-0.5288369872461943,0.7644184936230971
2.25,STA_CD,-0.42638300957785613,0.7131915047889281
2.3000000000000007,Conventional,-0.4874410218963027,0.7437205109481513
2.3000000000000007,STA_CD,-0.39934766999497623,0.6996738349974881
2.3500000000000005,Conventional,-0.44618350063419665,0.7230917503170984
2.3500000000000005,STA_CD,-0.3730368077155731,0.6865184038577865
2.4000000000000004,Conventional,-0.41219836466025533,0.7060991823301277
2.4000000000000004,STA_CD,-0.35476620946081794,0.677383104730409
2.45,Conventional,-0.39262914775077673,0.6963145738753884
2.45,STA_CD,-0.35157558039600834,0.6757877901980042
2.5,Conventional,-0.39336261371749665,0.6966813068587483
2.5,STA_CD,-0.3689200901036988,0.6844600450518494
2.5500000000000007,Conventional,-0.4177854454914615,0.7088927227457308
2.5500000000000007,STA_CD,-0.4094344004756697,0.7047172002378348
2.6000000000000005,Conventional,-0.46581637562334727,0.7329081878116737
2.6000000000000005,STA_CD,-0.4720492339475755,0.7360246169737877
2.6500000000000004,Conventional,-0.5334972499171371,0.7667486249585685
2.6500000000000004,STA_CD,-0.551752903944326,0.775876451972163
2.7,Conventional,-0.6133705477398459,0.806685273869923
2.7,STA_CD,-0.640201801679436,0.820100900839718
2.75,Conventional,-0.6957123278171831,0.8478561639085915
2.75,STA_CD,-0.7271920488684691,0.8635960244342346
2.8000000000000007,Conventional,-0.7704548960606034,0.8852274480303017
2.8000000000000007,STA_CD,-0.8027513094287392,0.9013756547143696
2.8500000000000005,Conventional,-0.8293900328860897,0.9146950164430449
2.8500000000000005,STA_CD,-0.859373783270686,0.929686891635343
2.9000000000000004,Conventional,-0.8680801092627071,0.9340400546313535
2.9000000000000004,STA_CD,-0.893793306137012,0.946896653068506
2.95,Conventional,-0.886898762081254,0.943449381040627
2.95,STA_CD,-0.9077377100625591,0.9538688550312795
3.0,Conventional,-0.8908085785876891,0.9454042892938446
3.0,STA_CD,-0.9073475836167304,0.9536737918083652
3.0500000000000007,Conventional,-0.8878285878252498,0.9439142939126248
3.0500000000000007,STA_CD,-0.9013219279312891,0.9506609639656445
3.0999999999999996,Conventional,-0.8865534232207678,0.943276711610384
3.0999999999999996,STA_CD,-0.8982609799053236,0.9491304899526618
3.1500000000000004,Conventional,-0.8934254163553492,0.9467127081776746
3.1500000000000004,STA_CD,-0.9039759875513091,0.9519879937756546
3.200000000000001,Conventional,-0.9106041107567383,0.9553020553783691
3.200000000000001,STA_CD,-0.9196111835716878,0.9598055917858439
3.25,Conventional,-0.9351524600133041,0.967576230006652
3.25,STA_CD,-0.9412242810813702,0.9706121405406851
3.3000000000000007,Conventional,-0.9598800161147272,0.9799400080573636
3.3000000000000007,STA_CD,-0.9610390477829719,0.9805195238914859
3.3499999999999996,Conventional,-0.9756566302187998,0.9878283151093998
3.3499999999999996,STA_CD,-0.9700433826427769,0.9850216913213885
3.4000000000000004,Conventional,-0.9745039715690514,0.9872519857845257
3.4000000000000004,STA_CD,-0.9611346489849163,0.9805673244924582
3.450000000000001,Conventional,-0.952463129686421,0.9762315648432105
3.450000000000001,STA_CD,-0.9317782524535618,0.9658891262267809
3.5,Conventional,-0.9112473634691364,0.9556236817345682
3.5,STA_CD,-0.8852448173589476,0.9426224086794738
3.5500000000000007,Conventional,-0.858040319839707,0.9290201599198535
3.5500000000000007,STA_CD,-0.8299163318603097,0.9149581659301549
3.5999999999999996,Conventional,-0.8033949112620334,0.9016974556310167
3.5999999999999996,STA_CD,-0.7767790549554376,0.8883895274777188
3.6500000000000004,Conventional,-0.7578375156146337,0.8789187578073169
3.6500000000000004,STA_CD,-0.7358486278205074,0.8679243139102537
3.700000000000001,Conventional,-0.7282650759257067,0.8641325379628533
3.700000000000001,STA_CD,-0.7126847616858134,0.8563423808429067
3.75,Conventional,-0.7153612144528669,0.8576806072264335
3.75,STA_CD,-0.706193859798238,0.853096929899119
3.8000000000000007,Conventional,-0.7129823976146352,0.8564911988073176
3.8000000000000007,STA_CD,-0.7085513030166383,0.8542756515083192
3.8499999999999996,Conventional,-0.7098467441817174,0.8549233720908587
3.8499999999999996,STA_CD,-0.7074028147042256,0.8537014073521128
3.9000000000000004,Conventional,-0.6930897648725006,0.8465448824362503
3.9000000000000004,STA_CD,-0.6897394087951797,0.8448697043975899
3.950000000000001,Conventional,-0.6525893683935542,0.8262946841967771
3.950000000000001,STA_CD,-0.6462395684931524,0.8231197842465763
4.0,Conventional,-0.5846400346807078,0.792320017340354
4.0,STA_CD,-0.5746492369223322,0.7873246184611661
4.050000000000001,Conventional,-0.49370110433892594,0.746850552169463
4.050000000000001,STA_CD,-0.4810198529237546,0.7405099264618773
4.1,Conventional,-0.39152991075593124,0.6957649553779657
4.1,STA_CD,-0.3782847158190571,0.6891423579095286
4.15,Conventional,-0.29385755954086035,0.6469287797704302
4.15,STA_CD,-0.28251911003729296,0.6412595550186465
4.200000000000001,Conventional,-0.21559661515227538,0.6077983075761377
4.200000000000001,STA_CD,-0.2080158280007442,0.6040079140003721
4.25,Conventional,-0.1661026555596309,0.5830513277798155
4.25,STA_CD,-0.16274630247036176,0.5813731512351809
4.300000000000001,Conventional,-0.14605337963280857,0.5730266898164043
4.300000000000001,STA_CD,-0.14570756358826148,0.5728537817941307
4.35,Conventional,-0.14702769807320676,0.5735138490366034
4.35,STA_CD,-0.147082423161407,0.5735412115807035
4.4,Conventional,-0.1540077493730599,0.5770038746865299
4.4,STA_CD,-0.1512406491649992,0.5756203245824996
4.450000000000001,Conventional,-0.1500668216584562,0.5750334108292281
4.450000000000001,STA_CD,-0.14167429466632148,0.5708371473331607
4.5,Conventional,-0.12176563751662947,0.5608828187583147
4.5,STA_CD,-0.10630264071628238,0.5531513203581412
4.550000000000001,Conventional,-0.063512606347439,0.5317563031737195
4.550000000000001,STA_CD,-0.041428036488386805,0.5207140182441934
4.600000000000001,Conventional,0.020549199968060317,0.48972540001596987
4.600000000000001,STA_CD,0.046964239419175345,0.4765178802904123
4.65,Conventional,0.11777562087793186,0.44111218956103404
4.65,STA_CD,0.14501756993590337,0.42749121503204834
4.700000000000001,Conventional,0.21100574556755883,0.3944971272162206
4.700000000000001,STA_CD,0.23536797706177184,0.3823160114691141
4.75,Conventional,0.2840196072002782,0.3579901963998609
4.75,STA_CD,0.30265939327764346,0.34867030336117827
4.800000000000001,Conventional,0.3266982282280529,0.3366508858859736
4.800000000000001,STA_CD,0.33842205551614074,0.3307889722419296
4.850000000000001,Conventional,0.33820445235615326,0.33089777382192337
4.850000000000001,STA_CD,0.3437269016196358,0.3281365491901821
4.9,Conventional,0.32715011055019316,0.3364249447249034
4.9,STA_CD,0.3287553311241609,0.33562233443791956
4.950000000000001,Conventional,0.3087067939841193,0.34564660300794037
4.950000000000001,STA_CD,0.30943632968602885,0.3452818351569856
5.0,Conventional,0.29962375205802,0.35018812397099
5.0,STA_CD,0.3022653393416924,0.3488673303291538
