pulse_duration_ms,speedup_vs_20ms,fidelity_conventional,fidelity_STA_CD,peak_control_ratio_STA_CD,J_RF_ratio_STA_CD
1.0,20.0,0.7931800168929687,0.9754091744772475,1.8796354942005231,1.3965985857777239
1.25,16.0,0.6727714300091192,0.9968786100766983,1.618993186606233,1.2538230948977431
1.5,13.333333333333334,0.6599582517098673,0.9690808822743084,1.458009235004809,1.1762660381234329
1.75,11.428571428571429,0.9396751832211123,0.9650293903021472,1.351706959071661,1.129501579029461
2.0,10.0,0.8015639920619557,0.9941273193674055,1.2779895921972961,1.099149646444431
2.25,8.88888888888889,0.8230356310536056,0.977541129604544,1.2248883721220039,1.0783404613881924
2.5,8.0,0.9851864553985336,0.9582709510270739,1.1854470610572836,1.063455773724436
2.75,7.2727272727272725,0.861808153181553,0.9865906749719393,1.1553986591768068,1.052442788202013
3.0,6.666666666666667,0.9152208898415313,0.9855850412904201,1.1320104824337216,1.0440665095308581
3.25,6.153846153846154,0.9933644865909181,0.9566000338166816,1.1134691070738785,1.0375477951032164
3.5,5.714285714285714,0.8911628669161477,0.9760394902782452,1.0985344445217406,1.0323753947573653
3.75,5.333333333333333,0.9640203900829323,0.9905881725774317,1.0863362963178067,1.0282025660997494
4.0,5.0,0.9910690793406896,0.9600112268852594,1.076250133305986,1.0247874116111078
4.25,4.705882352941177,0.9069807544578463,0.9650788226062157,1.0678187731899726,1.0219570151295627
4.5,4.444444444444445,0.9854835148831962,0.9908196426074352,1.0607015984903214,1.0195851153470479
4.75,4.2105263157894735,0.9883957075129398,0.9670670385472415,1.0546408106520888,1.017577776654968
5.0,4.0,0.9177555687883036,0.9563993976922767,1.0494385087475768,1.0158639434311088
5.25,3.8095238095238093,0.9896509961802513,0.985906774322479,1.0449408118912105,1.0143890643366067
5.5,3.6363636363636362,0.9874794640023715,0.9753325045156633,1.0410266641190757,1.0131106970505033
5.75,3.4782608695652173,0.9277687796562628,0.9520168230282575,1.037599812728476,1.0119954203637875
6.0,3.3333333333333335,0.9836351231044567,0.976917358635282,1.0345829754470912,1.0110166273827146
6.25,3.2,0.987073260711778,0.9820774004564877,1.0319135416938263,1.0101529237959097
6.5,3.076923076923077,0.9388170645300624,0.9527135495847101,1.0295403649697155,1.0093869487758043
6.75,2.962962962962963,0.973017874807489,0.9660395045004042,1.02742134190191,1.0087044957097988
7.0,2.857142857142857,0.9851307169585044,0.9850466056841967,1.0255215655705014,1.0080938486893414
7.25,2.7586206896551726,0.9509154746597535,0.9578369051359403,1.0238119029742436,1.0075452763049269
7.5,2.6666666666666665,0.9622448534170223,0.955953432104192,1.0222678891437276,1.0070506415249374
7.75,2.5806451612903225,0.9802420452995634,0.9830832565875567,1.0208688600421107,1.0066030982023348
8.0,2.5,0.9628139695535667,0.9655037097610345,1.0195972672385347,1.006196852902777
8.25,2.4242424242424243,0.9545168574575569,0.9490752206722923,1.0184381321757985,1.0058269764668903
8.5,2.3529411764705883,0.9722697271132895,0.9764336596612536,1.0173786085298995,1.0054892537823905
8.75,2.2857142857142856,0.9726102862389117,0.9731471330664747,1.0164076289206563,1.005180063161178
9.0,2.2222222222222223,0.9515512318933607,0.9468860224068076,1.0155156179301137,1.004896278836762
9.25,2.1621621621621623,0.9623685059692819,0.9666543946745185,1.0146942576059579,1.0046351916526248
9.5,2.1052631578947367,0.9784509038461131,0.9782467011549272,1.0139362947805073,1.004394444163742
9.75,2.051282051282051,0.9534743879404929,0.94953317387408,1.0132353819110511,1.0041719772336906
10.0,2.0,0.952557122952848,0.9561543686673739,1.0125859449501482,1.003965985857777
10.25,1.951219512195122,0.9791785918963324,0.979033776748849,1.011983073132904,1.0037748824345292
10.5,1.9047619047619047,0.9589895607504794,0.9558106314023203,1.0114224266294305,1.0035972660841517
10.75,1.8604651162790697,0.9450401342900754,0.947506023973931,1.0109001588330488,1.0034318969023492
11.0,1.8181818181818181,0.9747600860170809,0.9749751900187377,1.0104128506960521,1.0032776742626257
11.25,1.7777777777777777,0.9658409682647534,0.9635182587860608,1.0099574550278778,1.0031336184555275
11.5,1.7391304347826086,0.9415007570836325,0.9427222284221604,1.009531249067379,1.002998855090947
11.75,1.702127659574468,0.9663776922257202,0.9669031030704393,1.0091317939556632,1.0028726017982994
12.0,1.6666666666666667,0.9714855216478451,0.9700934254417484,1.0087568999869292,1.0027541568456786
12.25,1.6326530612244898,0.9425703209120735,0.9427017458091882,1.0084045967158257,1.0026428893679482
12.5,1.6,0.9561617496838531,0.9567604312057612,1.0080731071617643,1.0025382309489774
12.75,1.5686274509803921,0.9738090679606088,0.973333826074729,1.0077608254815302,1.0024396683477292
13.0,1.5384615384615385,0.9476192771167657,0.9469956991763497,1.0074662975879114,1.0023467371939512
13.25,1.509433962264151,0.946642826600521,0.9470393038398536,1.0071882042787998,1.002259016508524
13.5,1.4814814814814814,0.9717024011633808,0.9720077829485507,1.0069253465122827,1.0021761239274496
13.75,1.4545454545454546,0.954920084117638,0.9539551309887245,1.0066766325216367,1.0020977115280807
14.0,1.4285714285714286,0.9400816643265879,0.9400747430233547,1.006441066512363,1.0020234621723354
14.25,1.4035087719298245,0.9653464315583729,0.9661830482341185,1.006217738723301,1.0019530862949964
14.5,1.3793103448275863,0.9621273199231116,0.9612121340222703,1.0060058166670487,1.0018863190762317
14.75,1.3559322033898304,0.9378683444416747,0.937393649493685,1.0058045373925841,1.0018229179466946
15.0,1.3333333333333333,0.9561345135073923,0.9571866299359593,1.005613200636106,1.0017626603812344
15.25,1.3114754098360655,0.9669329735072969,0.9663544432880995,1.0054311627455506,1.0017053419436825
15.5,1.2903225806451613,0.9401609495014516,0.9393004655643616,1.0052578312805722,1.0016507745505836
15.75,1.2698412698412698,0.9462596143931405,0.9472128488703035,1.0050926602035735,1.00159878492629
16.0,1.25,0.9677085350238779,0.967601509598073,1.0049351455890434,1.0015492132256942
16.25,1.2307692307692308,0.945864857192668,0.9448116936228868,1.0047848217883848,1.0015019118041286
16.5,1.2121212121212122,0.9380859767525844,0.9386950150232294,1.0046412579958244,1.0014567441167226
16.75,1.1940298507462686,0.9639523927225789,0.9642927790307285,1.0045040551682185,1.0014135837318878
17.0,1.1764705882352942,0.9529568977017171,0.9519519756992134,1.0043728432577013,1.0013723134455976
17.25,1.1594202898550725,0.9334830657395392,0.9336204104446737,1.0042472787214074,1.0013328244848652
17.5,1.1428571428571428,0.9564184576855967,0.9570545389365241,1.0041270422770356,1.0012950157902942
17.75,1.1267605633802817,0.959061574137857,0.9583230199301327,1.0040118368769153,1.0012587933688641
18.0,1.1111111111111112,0.9333077215072045,0.9329812292935478,1.0039013858766186,1.0012240697091905
18.25,1.095890410958904,0.9468931614248313,0.9476038323010099,1.0037954313770654,1.001190763252476
18.5,1.0810810810810811,0.9621166876648397,0.9617817149599253,1.003693732721604,1.0011587979131562
18.75,1.0666666666666667,0.9371766840513771,0.9365129553621072,1.003596065131734,1.0011281026439898
19.0,1.0526315789473684,0.9376870662349148,0.9382502054381088,1.0035022184670574,1.0010986110409354
19.25,1.0389610389610389,0.9609423069556104,0.9610358535583146,1.0034119960967014,1.0010702609837143
19.5,1.0256410256410255,0.9435887996440558,0.942788751044773,1.0033252138709106,1.0010429943084227
19.75,1.0126582278481013,0.9309864945017774,0.9312396523784402,1.0032416991827842,1.0010167565089638
20.0,1.0,0.9555560579365641,0.9559920462460427,1.0031612901112392,1.0009914964644442
