T1_s,case,final_Mz,inversion_fidelity
0.5,Conventional_20ms,-0.8932182938822317,0.9466091469411159
0.5,Conventional_2ms,-0.6014667466860056,0.8007333733430029
0.5,STA_CD_2ms,-0.9864552111814596,0.9932276055907299
0.525,Conventional_20ms,-0.8944911089837713,0.9472455544918856
0.525,Conventional_2ms,-0.6015853526217072,0.8007926763108536
0.525,STA_CD_2ms,-0.9865836890850511,0.9932918445425256
0.55,Conventional_20ms,-0.8956489215186421,0.947824460759321
0.55,Conventional_2ms,-0.6016931833910115,0.8008465916955058
0.55,STA_CD_2ms,-0.986700494204688,0.993350247102344
0.575,Conventional_20ms,-0.8967066438171635,0.9483533219085818
0.575,Conventional_2ms,-0.6017916435535435,0.8008958217767718
0.575,STA_CD_2ms,-0.986807148201183,0.9934035741005915
0.6,Conventional_20ms,-0.8976767168293537,0.9488383584146769
0.6,Conventional_2ms,-0.6018819037188452,0.8009409518594226
0.6,STA_CD_2ms,-0.98690491926512,0.99345245963256
0.625,Conventional_20ms,-0.8985696017203028,0.9492848008601513
0.625,Conventional_2ms,-0.6019649473089176,0.8009824736544588
0.625,STA_CD_2ms,-0.9869948727840505,0.9934974363920253
0.65,Conventional_20ms,-0.8993941586133921,0.9496970793066961
0.65,Conventional_2ms,-0.6020416065354917,0.8010208032677458
0.65,STA_CD_2ms,-0.987077910323203,0.9935389551616015
0.675,Conventional_20ms,-0.9001579415917811,0.9500789707958905
0.675,Conventional_2ms,-0.6021125903867105,0.8010562951933553
0.675,STA_CD_2ms,-0.9871547999480793,0.9935773999740396
0.7,Conventional_20ms,-0.9008674307917515,0.9504337153958757
0.7,Conventional_2ms,-0.6021785066197867,0.8010892533098933
0.7,STA_CD_2ms,-0.9872262000524157,0.9936131000262078
0.725,Conventional_20ms,-0.901528216701503,0.9507641083507514
0.725,Conventional_2ms,-0.6022398792057845,0.8011199396028923
0.725,STA_CD_2ms,-0.9872926782584741,0.993646339129237
0.75,Conventional_20ms,-0.9021451477668142,0.9510725738834072
0.75,Conventional_2ms,-0.6022971622871445,0.8011485811435722
0.75,STA_CD_2ms,-0.9873547265389423,0.9936773632694711
0.775,Conventional_20ms,-0.9027224495528791,0.9513612247764396
0.775,Conventional_2ms,-0.6023507514350277,0.8011753757175138
0.775,STA_CD_2ms,-0.9874127734132728,0.9937063867066365
0.8,Conventional_20ms,-0.9032638216579144,0.9516319108289573
0.8,Conventional_2ms,-0.6024009927968841,0.801200496398442
0.8,STA_CD_2ms,-0.9874671938581382,0.993733596929069
0.825,Conventional_20ms,-0.903772517078524,0.951886258539262
0.825,Conventional_2ms,-0.6024481905815477,0.8012240952907739
0.825,STA_CD_2ms,-0.9875183174167327,0.9937591587083663
0.8500000000000001,Conventional_20ms,-0.9042514076254511,0.9521257038127255
0.8500000000000001,Conventional_2ms,-0.6024926132240478,0.8012463066120239
0.8500000000000001,STA_CD_2ms,-0.9875664348775479,0.993783217438774
0.875,Conventional_20ms,-0.9047030381672719,0.952351519083636
0.875,Conventional_2ms,-0.6025344984939718,0.8012672492469859
0.875,STA_CD_2ms,-0.9876118038086794,0.9938059019043397
0.9,Conventional_20ms,-0.9051296718700959,0.9525648359350479
0.9,Conventional_2ms,-0.6025740577528433,0.8012870288764217
0.9,STA_CD_2ms,-0.9876546531700672,0.9938273265850336
0.925,Conventional_20ms,-0.905533328125396,0.9527666640626979
0.925,Conventional_2ms,-0.602611479521351,0.8013057397606755
0.925,STA_CD_2ms,-0.9876951871780798,0.9938475935890398
0.95,Conventional_20ms,-0.9059158145118317,0.9529579072559158
0.95,Conventional_2ms,-0.6026469324835741,0.8013234662417871
0.95,STA_CD_2ms,-0.9877335885601135,0.9938667942800568
0.9750000000000001,Conventional_20ms,-0.9062787538566296,0.9531393769283147
0.9750000000000001,Conventional_2ms,-0.6026805680291568,0.8013402840145785
0.9750000000000001,STA_CD_2ms,-0.987770021308652,0.993885010654326
1.0,Conventional_20ms,-0.9066236072515245,0.9533118036257622
1.0,Conventional_2ms,-0.6027125224143488,0.8013562612071744
1.0,STA_CD_2ms,-0.9878046330223605,0.9939023165111802
1.025,Conventional_20ms,-0.9069516937116301,0.9534758468558151
1.025,Conventional_2ms,-0.602742918606855,0.8013714593034276
1.025,STA_CD_2ms,-0.9878375569046806,0.9939187784523402
1.05,Conventional_20ms,-0.9072642070349366,0.9536321035174683
1.05,Conventional_2ms,-0.6027718678672684,0.8013859339336342
1.05,STA_CD_2ms,-0.9878689134770103,0.9939344567385051
1.0750000000000002,Conventional_20ms,-0.9075622303167075,0.9537811151583537
1.0750000000000002,Conventional_2ms,-0.6027994711098896,0.8013997355549448
1.0750000000000002,STA_CD_2ms,-0.9878988120529043,0.9939494060264522
1.1,Conventional_20ms,-0.907846748490743,0.9539233742453714
1.1,Conventional_2ms,-0.6028258200780485,0.8014129100390243
1.1,STA_CD_2ms,-0.9879273520113154,0.9939636760056577
1.125,Conventional_20ms,-0.9081186592034838,0.9540593296017419
1.125,Conventional_2ms,-0.6028509983627854,0.8014254991813927
1.125,STA_CD_2ms,-0.9879546239001032,0.9939773119500517
1.15,Conventional_20ms,-0.9083787822739144,0.9541893911369572
1.15,Conventional_2ms,-0.6028750822886518,0.801437541144326
1.15,STA_CD_2ms,-0.9879807103956686,0.9939903551978343
1.175,Conventional_20ms,-0.9086278679493248,0.9543139339746625
1.175,Conventional_2ms,-0.6028981416865404,0.8014490708432702
1.175,STA_CD_2ms,-0.9880056871401071,0.9940028435700535
1.2000000000000002,Conventional_20ms,-0.9088666041319667,0.9544333020659834
1.2000000000000002,Conventional_2ms,-0.6029202405698679,0.801460120284934
1.2000000000000002,STA_CD_2ms,-0.9880296234737417,0.9940148117368708
1.225,Conventional_20ms,-0.909095622723274,0.954547811361637
1.225,Conventional_2ms,-0.6029414377280472,0.8014707188640235
1.225,STA_CD_2ms,-0.9880525830779893,0.9940262915389946
1.25,Conventional_20ms,-0.9093155052088429,0.9546577526044214
1.25,Conventional_2ms,-0.6029617872487024,0.8014808936243512
1.25,STA_CD_2ms,-0.9880746245411027,0.9940373122705514
1.275,Conventional_20ms,-0.9095267875880639,0.954763393794032
1.275,Conventional_2ms,-0.6029813389785221,0.8014906694892611
1.275,STA_CD_2ms,-0.9880958018573706,0.9940479009286853
1.3,Conventional_20ms,-0.909729964736475,0.9548649823682376
1.3,Conventional_2ms,-0.6030001389309068,0.8015000694654534
1.3,STA_CD_2ms,-0.9881161648687317,0.9940580824343659
1.3250000000000002,Conventional_20ms,-0.9099254942754681,0.954962747137734
1.3250000000000002,Conventional_2ms,-0.6030182296475206,0.8015091148237603
1.3250000000000002,STA_CD_2ms,-0.988135759656407,0.9940678798282034
1.35,Conventional_20ms,-0.9101138000131497,0.9550569000065748
1.35,Conventional_2ms,-0.6030356505196415,0.8015178252598207
1.35,STA_CD_2ms,-0.9881546288890332,0.9940773144445165
1.375,Conventional_20ms,-0.9102952750107255,0.9551476375053627
1.375,Conventional_2ms,-0.6030524380744932,0.8015262190372465
1.375,STA_CD_2ms,-0.988172812132817,0.9940864060664085
1.4,Conventional_20ms,-0.910470284321152,0.955235142160576
1.4,Conventional_2ms,-0.6030686262308981,0.8015343131154491
1.4,STA_CD_2ms,-0.9881903461284771,0.9940951730642386
1.425,Conventional_20ms,-0.9106391674401905,0.9553195837200952
1.425,Conventional_2ms,-0.6030842465280234,0.8015421232640116
1.425,STA_CD_2ms,-0.9882072650390346,0.9941036325195173
1.4500000000000002,Conventional_20ms,-0.9108022405044809,0.9554011202522404
1.4500000000000002,Conventional_2ms,-0.6030993283304656,0.8015496641652329
1.4500000000000002,STA_CD_2ms,-0.9882236006719758,0.9941118003359879
1.475,Conventional_20ms,-0.9109597982666126,0.9554798991333062
1.475,Conventional_2ms,-0.6031138990125068,0.8015569495062533
1.475,STA_CD_2ms,-0.9882393826788352,0.9941196913394176
1.5,Conventional_20ms,-0.9111121158731281,0.9555560579365641
1.5,Conventional_2ms,-0.6031279841239116,0.8015639920619557
1.5,STA_CD_2ms,-0.988254638734811,0.9941273193674055
1.5250000000000001,Conventional_20ms,-0.9112594504680025,0.9556297252340012
1.5250000000000001,Conventional_2ms,-0.6031416075394594,0.8015708037697298
1.5250000000000001,STA_CD_2ms,-0.9882693947007276,0.9941346973503637
1.55,Conventional_20ms,-0.9114020426413413,0.9557010213206707
1.55,Conventional_2ms,-0.6031547915939871,0.8015773957969936
1.55,STA_CD_2ms,-0.9882836747693279,0.994141837384664
1.575,Conventional_20ms,-0.9115401177403248,0.9557700588701624
1.575,Conventional_2ms,-0.6031675572045754,0.8015837786022877
1.575,STA_CD_2ms,-0.9882975015976297,0.9941487507988149
1.6,Conventional_20ms,-0.9116738870575902,0.9558369435287951
1.6,Conventional_2ms,-0.6031799239812804,0.8015899619906401
1.6,STA_CD_2ms,-0.9883108964268764,0.9941554482134383
1.625,Conventional_20ms,-0.9118035489100944,0.9559017744550472
1.625,Conventional_2ms,-0.6031919103276802,0.8015959551638401
1.625,STA_CD_2ms,-0.9883238791914283,0.9941619395957142
1.6500000000000001,Conventional_20ms,-0.9119292896201048,0.9559646448100524
1.6500000000000001,Conventional_2ms,-0.603203533532198,0.8016017667660991
1.6500000000000001,STA_CD_2ms,-0.9883364686177445,0.9941682343088722
1.675,Conventional_20ms,-0.9120512844085331,0.9560256422042666
1.675,Conventional_2ms,-0.6032148098513682,0.801607404925684
1.675,STA_CD_2ms,-0.9883486823145067,0.9941743411572533
1.7000000000000002,Conventional_20ms,-0.9121696982095981,0.9560848491047991
1.7000000000000002,Conventional_2ms,-0.6032257545856513,0.8016128772928257
1.7000000000000002,STA_CD_2ms,-0.9883605368547905,0.9941802684273953
1.725,Conventional_20ms,-0.9122846864147631,0.9561423432073816
1.725,Conventional_2ms,-0.6032363821487163,0.8016181910743582
1.725,STA_CD_2ms,-0.9883720478511023,0.9941860239255511
1.75,Conventional_20ms,-0.912396395553077,0.9561981977765386
1.75,Conventional_2ms,-0.6032467061307675,0.8016233530653838
1.75,STA_CD_2ms,-0.988383230023971,0.9941916150119855
1.7750000000000001,Conventional_20ms,-0.9125049639140805,0.9562524819570403
1.7750000000000001,Conventional_2ms,-0.6032567393565149,0.8016283696782575
1.7750000000000001,STA_CD_2ms,-0.9883940972647561,0.9941970486323781
1.8,Conventional_20ms,-0.9126105221189298,0.9563052610594649
1.8,Conventional_2ms,-0.6032664939383432,0.8016332469691716
1.8,STA_CD_2ms,-0.9884046626932164,0.9942023313466082
1.8250000000000002,Conventional_20ms,-0.9127131936446604,0.9563565968223302
1.8250000000000002,Conventional_2ms,-0.6032759813250663,0.8016379906625332
1.8250000000000002,STA_CD_2ms,-0.9884149387103487,0.9942074693551743
1.85,Conventional_20ms,-0.9128130953060192,0.9564065476530096
1.85,Conventional_2ms,-0.6032852123467696,0.8016426061733848
1.85,STA_CD_2ms,-0.9884249370469481,0.9942124685234741
1.875,Conventional_20ms,-0.9129103376988202,0.9564551688494101
1.875,Conventional_2ms,-0.6032941972560498,0.8016470986280249
1.875,STA_CD_2ms,-0.9884346688082738,0.994217334404137
1.9000000000000001,Conventional_20ms,-0.9130050256083625,0.9565025128041813
1.9000000000000001,Conventional_2ms,-0.6033029457659943,0.8016514728829971
1.9000000000000001,STA_CD_2ms,-0.9884441445152043,0.9942220722576022
1.925,Conventional_20ms,-0.9130972583860546,0.9565486291930273
1.925,Conventional_2ms,-0.6033114670852154,0.8016557335426078
1.925,STA_CD_2ms,-0.9884533741421702,0.9942266870710851
1.9500000000000002,Conventional_20ms,-0.9131871302971684,0.9565935651485842
1.9500000000000002,Conventional_2ms,-0.6033197699501675,0.8016598849750838
1.9500000000000002,STA_CD_2ms,-0.9884623671521773,0.9942311835760886
1.975,Conventional_20ms,-0.9132747308421815,0.9566373654210907
1.975,Conventional_2ms,-0.6033278626550429,0.8016639313275215
1.975,STA_CD_2ms,-0.9884711325291781,0.994235566264589
2.0,Conventional_20ms,-0.9133601450540808,0.9566800725270403
2.0,Conventional_2ms,-0.6033357530794039,0.801667876539702
2.0,STA_CD_2ms,-0.9884796788079977,0.9942398394039988
2.0250000000000004,Conventional_20ms,-0.9134434537736651,0.9567217268868325
2.0250000000000004,Conventional_2ms,-0.6033434487137626,0.8016717243568813
2.0250000000000004,STA_CD_2ms,-0.9884880141020567,0.9942440070510283
2.05,Conventional_20ms,-0.9135247339047614,0.9567623669523807
2.05,Conventional_2ms,-0.6033509566833062,0.8016754783416531
2.05,STA_CD_2ms,-0.9884961461290639,0.994248073064532
2.075,Conventional_20ms,-0.9136040586510028,0.9568020293255014
2.075,Conventional_2ms,-0.603358283769897,0.8016791418849485
2.075,STA_CD_2ms,-0.9885040822348513,0.9942520411174256
2.1,Conventional_20ms,-0.9136814977357125,0.9568407488678563
2.1,Conventional_2ms,-0.603365436432519,0.8016827182162596
2.1,STA_CD_2ms,-0.9885118294155016,0.9942559147077508
2.125,Conventional_20ms,-0.913757117606313,0.9568785588031565
2.125,Conventional_2ms,-0.603372420826247,0.8016862104131235
2.125,STA_CD_2ms,-0.9885193943379242,0.9942596971689621
2.1500000000000004,Conventional_20ms,-0.9138309816244967,0.9569154908122484
2.1500000000000004,Conventional_2ms,-0.6033792428199257,0.8016896214099629
2.1500000000000004,STA_CD_2ms,-0.9885267833589851,0.9942633916794925
2.175,Conventional_20ms,-0.9139031502432752,0.9569515751216375
2.175,Conventional_2ms,-0.6033859080126092,0.8016929540063046
2.175,STA_CD_2ms,-0.9885340025433265,0.9942670012716632
2.2,Conventional_20ms,-0.9139736811719971,0.9569868405859985
2.2,Conventional_2ms,-0.6033924217488926,0.8016962108744463
2.2,STA_CD_2ms,-0.9885410576799671,0.9942705288399836
2.225,Conventional_20ms,-0.9140426295302586,0.9570213147651293
2.225,Conventional_2ms,-0.6033987891332149,0.8016993945666074
2.225,STA_CD_2ms,-0.9885479542977805,0.9942739771488902
2.25,Conventional_20ms,-0.9141100479915572,0.9570550239957786
2.25,Conventional_2ms,-0.6034050150431763,0.8017025075215882
2.25,STA_CD_2ms,-0.9885546976799499,0.994277348839975
2.2750000000000004,Conventional_20ms,-0.9141759869175017,0.9570879934587508
2.2750000000000004,Conventional_2ms,-0.6034111041420105,0.8017055520710052
2.2750000000000004,STA_CD_2ms,-0.988561292877469,0.9942806464387345
2.3,Conventional_20ms,-0.9142404944832689,0.9571202472416345
2.3,Conventional_2ms,-0.6034170608902429,0.8017085304451215
2.3,STA_CD_2ms,-0.9885677447217472,0.9942838723608736
2.325,Conventional_20ms,-0.9143036167949751,0.9571518083974875
2.325,Conventional_2ms,-0.6034228895565701,0.801711444778285
2.325,STA_CD_2ms,-0.9885740578364264,0.9942870289182132
2.35,Conventional_20ms,-0.9143653979995945,0.9571826989997972
2.35,Conventional_2ms,-0.6034285942280753,0.8017142971140376
2.35,STA_CD_2ms,-0.9885802366484243,0.9942901183242121
2.375,Conventional_20ms,-0.9144258803879085,0.9572129401939542
2.375,Conventional_2ms,-0.6034341788197827,0.8017170894098913
2.375,STA_CD_2ms,-0.9885862853982861,0.994293142699143
2.4000000000000004,Conventional_20ms,-0.9144851044910487,0.9572425522455243
2.4000000000000004,Conventional_2ms,-0.6034396470836142,0.801719823541807
2.4000000000000004,STA_CD_2ms,-0.9885922081498943,0.9942961040749472
2.425,Conventional_20ms,-0.9145431091710908,0.9572715545855455
2.425,Conventional_2ms,-0.6034450026167868,0.8017225013083934
2.425,STA_CD_2ms,-0.9885980087995698,0.9942990043997849
2.45,Conventional_20ms,-0.9145999317060814,0.9572999658530408
2.45,Conventional_2ms,-0.6034502488697283,0.8017251244348642
2.45,STA_CD_2ms,-0.9886036910846241,0.994301845542312
2.475,Conventional_20ms,-0.9146556078699144,0.9573278039349572
2.475,Conventional_2ms,-0.6034553891534685,0.8017276945767342
2.475,STA_CD_2ms,-0.9886092585913826,0.9943046292956913
2.5,Conventional_20ms,-0.9147101720074733,0.9573550860037366
2.5,Conventional_2ms,-0.6034604266466189,0.8017302133233095
2.5,STA_CD_2ms,-0.9886147147627372,0.9943073573813686
2.525,Conventional_20ms,-0.9147636571052461,0.957381828552623
2.525,Conventional_2ms,-0.6034653644019149,0.8017326822009574
2.525,STA_CD_2ms,-0.988620062905249,0.9943100314526245
2.5500000000000003,Conventional_20ms,-0.9148160948578463,0.9574080474289232
2.5500000000000003,Conventional_2ms,-0.6034702053524124,0.8017351026762062
2.5500000000000003,STA_CD_2ms,-0.988625306195825,0.9943126530979125
2.575,Conventional_20ms,-0.9148675157306417,0.9574337578653209
2.575,Conventional_2ms,-0.6034749523172614,0.8017374761586307
2.575,STA_CD_2ms,-0.9886304476880131,0.9943152238440065
2.6,Conventional_20ms,-0.9149179490187583,0.9574589745093791
2.6,Conventional_2ms,-0.6034796080071978,0.8017398040035989
2.6,STA_CD_2ms,-0.9886354903179292,0.9943177451589646
2.625,Conventional_20ms,-0.9149674229027639,0.9574837114513819
2.625,Conventional_2ms,-0.6034841750297215,0.8017420875148608
2.625,STA_CD_2ms,-0.9886404369098545,0.9943202184549272
2.65,Conventional_20ms,-0.915015964501144,0.957507982250572
2.65,Conventional_2ms,-0.6034886558939322,0.801744327946966
2.65,STA_CD_2ms,-0.9886452901815086,0.9943226450907543
2.6750000000000003,Conventional_20ms,-0.915063599919894,0.9575317999599471
2.6750000000000003,Conventional_2ms,-0.603493053015158,0.8017465265075789
2.6750000000000003,STA_CD_2ms,-0.9886500527490207,0.9943250263745104
2.7,Conventional_20ms,-0.9151103542993179,0.9575551771496589
2.7,Conventional_2ms,-0.6034973687192767,0.8017486843596384
2.7,STA_CD_2ms,-0.9886547271316437,0.9943273635658219
2.725,Conventional_20ms,-0.9151562518582869,0.9575781259291434
2.725,Conventional_2ms,-0.6035016052468176,0.8017508026234088
2.725,STA_CD_2ms,-0.9886593157561899,0.9943296578780949
2.75,Conventional_20ms,-0.9152013159360557,0.9576006579680278
2.75,Conventional_2ms,-0.6035057647568633,0.8017528823784317
2.75,STA_CD_2ms,-0.9886638209612337,0.9943319104806169
2.775,Conventional_20ms,-0.9152455690318488,0.9576227845159244
2.775,Conventional_2ms,-0.6035098493306877,0.8017549246653439
2.775,STA_CD_2ms,-0.9886682450010872,0.9943341225005435
2.8000000000000003,Conventional_20ms,-0.9152890328423096,0.9576445164211548
2.8000000000000003,Conventional_2ms,-0.6035138609752455,0.8017569304876228
2.8000000000000003,STA_CD_2ms,-0.9886725900495625,0.9943362950247813
2.825,Conventional_20ms,-0.915331728296976,0.957665864148488
2.825,Conventional_2ms,-0.6035178016264678,0.801758900813234
2.825,STA_CD_2ms,-0.98867685820353,0.994338429101765
2.85,Conventional_20ms,-0.9153736755918823,0.9576868377959411
2.85,Conventional_2ms,-0.6035216731523536,0.8017608365761768
2.85,STA_CD_2ms,-0.988681051486294,0.994340525743147
2.875,Conventional_20ms,-0.9154148942214162,0.9577074471107081
2.875,Conventional_2ms,-0.6035254773559474,0.8017627386779738
2.875,STA_CD_2ms,-0.9886851718507912,0.9943425859253956
2.9000000000000004,Conventional_20ms,-0.9154554030085176,0.9577277015042588
2.9000000000000004,Conventional_2ms,-0.6035292159781137,0.8017646079890568
2.9000000000000004,STA_CD_2ms,-0.9886892211826254,0.9943446105913127
2.9250000000000003,Conventional_20ms,-0.9154952201333515,0.9577476100666757
2.9250000000000003,Conventional_2ms,-0.6035328907002271,0.8017664453501135
2.9250000000000003,STA_CD_2ms,-0.9886932013029383,0.9943466006514692
2.95,Conventional_20ms,-0.9155343631605172,0.9577671815802586
2.95,Conventional_2ms,-0.6035365031466574,0.8017682515733286
2.95,STA_CD_2ms,-0.9886971139711497,0.9943485569855748
2.975,Conventional_20ms,-0.9155728490648557,0.9577864245324279
2.975,Conventional_2ms,-0.6035400548871875,0.8017700274435937
2.975,STA_CD_2ms,-0.9887009608875429,0.9943504804437715
3.0,Conventional_20ms,-0.9156106942560313,0.9578053471280157
3.0,Conventional_2ms,-0.6035435474392821,0.801771773719641
3.0,STA_CD_2ms,-0.9887047436957324,0.9943523718478662
